
 /----------------------------------------------------------------------------\
 |                                                                            |
 |  yosys -- Yosys Open SYnthesis Suite                                       |
 |                                                                            |
 |  Copyright (C) 2012 - 2019  Clifford Wolf <clifford@clifford.at>           |
 |                                                                            |
 |  Permission to use, copy, modify, and/or distribute this software for any  |
 |  purpose with or without fee is hereby granted, provided that the above    |
 |  copyright notice and this permission notice appear in all copies.         |
 |                                                                            |
 |  THE SOFTWARE IS PROVIDED "AS IS" AND THE AUTHOR DISCLAIMS ALL WARRANTIES  |
 |  WITH REGARD TO THIS SOFTWARE INCLUDING ALL IMPLIED WARRANTIES OF          |
 |  MERCHANTABILITY AND FITNESS. IN NO EVENT SHALL THE AUTHOR BE LIABLE FOR   |
 |  ANY SPECIAL, DIRECT, INDIRECT, OR CONSEQUENTIAL DAMAGES OR ANY DAMAGES    |
 |  WHATSOEVER RESULTING FROM LOSS OF USE, DATA OR PROFITS, WHETHER IN AN     |
 |  ACTION OF CONTRACT, NEGLIGENCE OR OTHER TORTIOUS ACTION, ARISING OUT OF   |
 |  OR IN CONNECTION WITH THE USE OR PERFORMANCE OF THIS SOFTWARE.            |
 |                                                                            |
 \----------------------------------------------------------------------------/

 Yosys 0.9 (git sha1 1979e0b)


-- Running command `
    read_liberty -lib nangate/NanGate45/lib/NangateOpenCellLibrary_typical.lib;
    read_verilog code/src/cache.v;
    hierarchy -top Cache;
    proc; opt_clean;
    fsm; opt_clean;
    techmap; opt_clean;
	flatten Cache;
    dfflibmap -liberty nangate/NanGate45/lib/NangateOpenCellLibrary_typical.lib;
    abc -liberty nangate/NanGate45/lib/NangateOpenCellLibrary_typical.lib;
    stat -liberty nangate/NanGate45/lib/NangateOpenCellLibrary_typical.lib;
  ' --

1. Executing Liberty frontend.
Imported 135 cell types from liberty file.

2. Executing Verilog-2005 frontend: code/src/cache.v
Parsing Verilog input from `code/src/cache.v' to AST representation.
Generating RTLIL representation for module `\Cache'.
Warning: Replacing memory \tag_way1 with list of registers. See code/src/cache.v:248
Warning: Replacing memory \tag_way0 with list of registers. See code/src/cache.v:242
Warning: Replacing memory \data_way1 with list of registers. See code/src/cache.v:227
Warning: Replacing memory \data_way0 with list of registers. See code/src/cache.v:218
Warning: Replacing memory \lru_bit with list of registers. See code/src/cache.v:181
Warning: Replacing memory \dirty_way1 with list of registers. See code/src/cache.v:180
Warning: Replacing memory \valid_way1 with list of registers. See code/src/cache.v:180
Warning: Replacing memory \dirty_way0 with list of registers. See code/src/cache.v:179
Warning: Replacing memory \valid_way0 with list of registers. See code/src/cache.v:179
Successfully finished Verilog frontend.

3. Executing HIERARCHY pass (managing design hierarchy).

3.1. Analyzing design hierarchy..
Top module:  \Cache

3.2. Analyzing design hierarchy..
Top module:  \Cache
Removed 0 unused modules.

4. Executing PROC pass (convert processes to netlists).

4.1. Executing PROC_CLEAN pass (remove empty switches from decision trees).
Cleaned up 0 empty switches.

4.2. Executing PROC_RMDEAD pass (remove dead branches from decision trees).
Removed 1 dead cases from process $proc$code/src/cache.v:1$494 in module Cache.
Marked 1 switch rules as full_case in process $proc$code/src/cache.v:1$494 in module Cache.
Removed 1 dead cases from process $proc$code/src/cache.v:1$491 in module Cache.
Marked 1 switch rules as full_case in process $proc$code/src/cache.v:1$491 in module Cache.
Removed 1 dead cases from process $proc$code/src/cache.v:1$488 in module Cache.
Marked 1 switch rules as full_case in process $proc$code/src/cache.v:1$488 in module Cache.
Removed 1 dead cases from process $proc$code/src/cache.v:1$485 in module Cache.
Marked 1 switch rules as full_case in process $proc$code/src/cache.v:1$485 in module Cache.
Removed 1 dead cases from process $proc$code/src/cache.v:1$482 in module Cache.
Marked 1 switch rules as full_case in process $proc$code/src/cache.v:1$482 in module Cache.
Removed 1 dead cases from process $proc$code/src/cache.v:1$479 in module Cache.
Marked 1 switch rules as full_case in process $proc$code/src/cache.v:1$479 in module Cache.
Removed 1 dead cases from process $proc$code/src/cache.v:1$476 in module Cache.
Marked 1 switch rules as full_case in process $proc$code/src/cache.v:1$476 in module Cache.
Removed 1 dead cases from process $proc$code/src/cache.v:1$473 in module Cache.
Marked 1 switch rules as full_case in process $proc$code/src/cache.v:1$473 in module Cache.
Removed 1 dead cases from process $proc$code/src/cache.v:1$470 in module Cache.
Marked 1 switch rules as full_case in process $proc$code/src/cache.v:1$470 in module Cache.
Removed 1 dead cases from process $proc$code/src/cache.v:1$467 in module Cache.
Marked 1 switch rules as full_case in process $proc$code/src/cache.v:1$467 in module Cache.
Removed 1 dead cases from process $proc$code/src/cache.v:112$462 in module Cache.
Marked 1 switch rules as full_case in process $proc$code/src/cache.v:112$462 in module Cache.
Removed 1 dead cases from process $proc$code/src/cache.v:106$457 in module Cache.
Marked 1 switch rules as full_case in process $proc$code/src/cache.v:106$457 in module Cache.
Removed 8 dead cases from process $proc$code/src/cache.v:267$380 in module Cache.
Marked 13 switch rules as full_case in process $proc$code/src/cache.v:267$380 in module Cache.
Removed 4 dead cases from process $proc$code/src/cache.v:172$131 in module Cache.
Marked 38 switch rules as full_case in process $proc$code/src/cache.v:172$131 in module Cache.
Marked 7 switch rules as full_case in process $proc$code/src/cache.v:134$117 in module Cache.
Removed 3 dead cases from process $proc$code/src/cache.v:99$84 in module Cache.
Marked 5 switch rules as full_case in process $proc$code/src/cache.v:99$84 in module Cache.
Removed a total of 27 dead cases.

4.3. Executing PROC_INIT pass (extract init attributes).

4.4. Executing PROC_ARST pass (detect async resets in processes).
Found async reset \i_rst_n in `\Cache.$proc$code/src/cache.v:172$131'.

4.5. Executing PROC_MUX pass (convert decision trees to multiplexers).
Creating decoders for process `\Cache.$proc$code/src/cache.v:1$494'.
     1/2: $1$mem2reg_rd$\dirty_way1$code/src/cache.v:132$31_DATA[0:0]$496
     2/2: $0$mem2reg_rd$\dirty_way1$code/src/cache.v:132$31_DATA[0:0]$495
Creating decoders for process `\Cache.$proc$code/src/cache.v:1$491'.
     1/2: $1$mem2reg_rd$\dirty_way0$code/src/cache.v:131$30_DATA[0:0]$493
     2/2: $0$mem2reg_rd$\dirty_way0$code/src/cache.v:131$30_DATA[0:0]$492
Creating decoders for process `\Cache.$proc$code/src/cache.v:1$488'.
     1/2: $1$mem2reg_rd$\dirty_way1$code/src/cache.v:105$29_DATA[0:0]$490
     2/2: $0$mem2reg_rd$\dirty_way1$code/src/cache.v:105$29_DATA[0:0]$489
Creating decoders for process `\Cache.$proc$code/src/cache.v:1$485'.
     1/2: $1$mem2reg_rd$\dirty_way0$code/src/cache.v:105$28_DATA[0:0]$487
     2/2: $0$mem2reg_rd$\dirty_way0$code/src/cache.v:105$28_DATA[0:0]$486
Creating decoders for process `\Cache.$proc$code/src/cache.v:1$482'.
     1/2: $1$mem2reg_rd$\data_way1$code/src/cache.v:75$24_DATA[127:0]$484
     2/2: $0$mem2reg_rd$\data_way1$code/src/cache.v:75$24_DATA[127:0]$483
Creating decoders for process `\Cache.$proc$code/src/cache.v:1$479'.
     1/2: $1$mem2reg_rd$\data_way0$code/src/cache.v:74$23_DATA[127:0]$481
     2/2: $0$mem2reg_rd$\data_way0$code/src/cache.v:74$23_DATA[127:0]$480
Creating decoders for process `\Cache.$proc$code/src/cache.v:1$476'.
     1/2: $1$mem2reg_rd$\tag_way1$code/src/cache.v:71$22_DATA[23:0]$478
     2/2: $0$mem2reg_rd$\tag_way1$code/src/cache.v:71$22_DATA[23:0]$477
Creating decoders for process `\Cache.$proc$code/src/cache.v:1$473'.
     1/2: $1$mem2reg_rd$\valid_way1$code/src/cache.v:71$21_DATA[0:0]$475
     2/2: $0$mem2reg_rd$\valid_way1$code/src/cache.v:71$21_DATA[0:0]$474
Creating decoders for process `\Cache.$proc$code/src/cache.v:1$470'.
     1/2: $1$mem2reg_rd$\tag_way0$code/src/cache.v:70$20_DATA[23:0]$472
     2/2: $0$mem2reg_rd$\tag_way0$code/src/cache.v:70$20_DATA[23:0]$471
Creating decoders for process `\Cache.$proc$code/src/cache.v:1$467'.
     1/2: $1$mem2reg_rd$\valid_way0$code/src/cache.v:70$19_DATA[0:0]$469
     2/2: $0$mem2reg_rd$\valid_way0$code/src/cache.v:70$19_DATA[0:0]$468
Creating decoders for process `\Cache.$proc$code/src/cache.v:112$462'.
     1/4: $1$mem2reg_rd$\tag_way1$code/src/cache.v:112$67_DATA[23:0]$466
     2/4: $0$mem2bits$\tag_way1$code/src/cache.v:112$2[23:0]$463
     3/4: $0$mem2reg_rd$\tag_way1$code/src/cache.v:112$67_DATA[23:0]$465
     4/4: $0$mem2reg_rd$\tag_way1$code/src/cache.v:112$67_ADDR[3:0]$464
Creating decoders for process `\Cache.$proc$code/src/cache.v:106$457'.
     1/4: $1$mem2reg_rd$\tag_way1$code/src/cache.v:106$66_DATA[23:0]$461
     2/4: $0$mem2bits$\tag_way1$code/src/cache.v:106$1[23:0]$458
     3/4: $0$mem2reg_rd$\tag_way1$code/src/cache.v:106$66_DATA[23:0]$460
     4/4: $0$mem2reg_rd$\tag_way1$code/src/cache.v:106$66_ADDR[3:0]$459
Creating decoders for process `\Cache.$proc$code/src/cache.v:267$380'.
     1/87: $4$mem2reg_rd$\data_way1$code/src/cache.v:303$65_DATA[127:0]$456
     2/87: $4$mem2reg_rd$\tag_way1$code/src/cache.v:302$64_DATA[23:0]$455
     3/87: $4$mem2reg_rd$\data_way0$code/src/cache.v:300$63_DATA[127:0]$454
     4/87: $4$mem2reg_rd$\tag_way0$code/src/cache.v:299$62_DATA[23:0]$453
     5/87: $4\o_mem_wdata[127:0]
     6/87: $3$mem2reg_rd$\data_way0$code/src/cache.v:300$63_DATA[127:0]$448
     7/87: $3$mem2reg_rd$\data_way0$code/src/cache.v:300$63_ADDR[3:0]$447
     8/87: $5\o_mem_addr[31:0]
     9/87: $3$mem2reg_rd$\tag_way0$code/src/cache.v:299$62_DATA[23:0]$446
    10/87: $3$mem2reg_rd$\tag_way0$code/src/cache.v:299$62_ADDR[3:0]$445
    11/87: $3$mem2reg_rd$\data_way1$code/src/cache.v:303$65_DATA[127:0]$452
    12/87: $3$mem2reg_rd$\data_way1$code/src/cache.v:303$65_ADDR[3:0]$451
    13/87: $3$mem2reg_rd$\tag_way1$code/src/cache.v:302$64_DATA[23:0]$450
    14/87: $3$mem2reg_rd$\tag_way1$code/src/cache.v:302$64_ADDR[3:0]$449
    15/87: $4$mem2reg_rd$\data_way1$code/src/cache.v:294$61_DATA[127:0]$443
    16/87: $4$mem2reg_rd$\tag_way1$code/src/cache.v:293$60_DATA[23:0]$442
    17/87: $4$mem2reg_rd$\data_way0$code/src/cache.v:291$59_DATA[127:0]$441
    18/87: $4$mem2reg_rd$\tag_way0$code/src/cache.v:290$58_DATA[23:0]$440
    19/87: $3\o_mem_wdata[127:0]
    20/87: $3$mem2reg_rd$\data_way0$code/src/cache.v:291$59_DATA[127:0]$435
    21/87: $3$mem2reg_rd$\data_way0$code/src/cache.v:291$59_ADDR[3:0]$434
    22/87: $4\o_mem_addr[31:0]
    23/87: $3$mem2reg_rd$\tag_way0$code/src/cache.v:290$58_DATA[23:0]$433
    24/87: $3$mem2reg_rd$\tag_way0$code/src/cache.v:290$58_ADDR[3:0]$432
    25/87: $3$mem2reg_rd$\data_way1$code/src/cache.v:294$61_DATA[127:0]$439
    26/87: $3$mem2reg_rd$\data_way1$code/src/cache.v:294$61_ADDR[3:0]$438
    27/87: $3$mem2reg_rd$\tag_way1$code/src/cache.v:293$60_DATA[23:0]$437
    28/87: $3$mem2reg_rd$\tag_way1$code/src/cache.v:293$60_ADDR[3:0]$436
    29/87: $2$mem2reg_rd$\data_way1$code/src/cache.v:294$61_DATA[127:0]$422
    30/87: $2$mem2reg_rd$\data_way1$code/src/cache.v:294$61_ADDR[3:0]$421
    31/87: $2$mem2reg_rd$\tag_way1$code/src/cache.v:293$60_DATA[23:0]$420
    32/87: $2$mem2reg_rd$\tag_way1$code/src/cache.v:293$60_ADDR[3:0]$419
    33/87: $2$mem2reg_rd$\data_way0$code/src/cache.v:291$59_DATA[127:0]$418
    34/87: $2$mem2reg_rd$\data_way0$code/src/cache.v:291$59_ADDR[3:0]$417
    35/87: $2$mem2reg_rd$\tag_way0$code/src/cache.v:290$58_DATA[23:0]$416
    36/87: $2$mem2reg_rd$\tag_way0$code/src/cache.v:290$58_ADDR[3:0]$415
    37/87: $2\o_mem_wdata[127:0]
    38/87: $3\o_mem_addr[31:0]
    39/87: $2$mem2reg_rd$\data_way1$code/src/cache.v:303$65_DATA[127:0]$430
    40/87: $2$mem2reg_rd$\data_way1$code/src/cache.v:303$65_ADDR[3:0]$429
    41/87: $2$mem2reg_rd$\tag_way1$code/src/cache.v:302$64_DATA[23:0]$428
    42/87: $2$mem2reg_rd$\tag_way1$code/src/cache.v:302$64_ADDR[3:0]$427
    43/87: $2$mem2reg_rd$\data_way0$code/src/cache.v:300$63_DATA[127:0]$426
    44/87: $2$mem2reg_rd$\data_way0$code/src/cache.v:300$63_ADDR[3:0]$425
    45/87: $2$mem2reg_rd$\tag_way0$code/src/cache.v:299$62_DATA[23:0]$424
    46/87: $2$mem2reg_rd$\tag_way0$code/src/cache.v:299$62_ADDR[3:0]$423
    47/87: $2\o_mem_addr[31:0]
    48/87: $1\o_mem_addr[31:0]
    49/87: $1\o_mem_wen[0:0]
    50/87: $1\o_mem_cen[0:0]
    51/87: $1$mem2reg_rd$\data_way1$code/src/cache.v:303$65_DATA[127:0]$412
    52/87: $1$mem2reg_rd$\data_way1$code/src/cache.v:303$65_ADDR[3:0]$411
    53/87: $1$mem2reg_rd$\tag_way1$code/src/cache.v:302$64_DATA[23:0]$410
    54/87: $1$mem2reg_rd$\tag_way1$code/src/cache.v:302$64_ADDR[3:0]$409
    55/87: $1$mem2reg_rd$\data_way0$code/src/cache.v:300$63_DATA[127:0]$408
    56/87: $1$mem2reg_rd$\data_way0$code/src/cache.v:300$63_ADDR[3:0]$407
    57/87: $1$mem2reg_rd$\tag_way0$code/src/cache.v:299$62_DATA[23:0]$406
    58/87: $1$mem2reg_rd$\tag_way0$code/src/cache.v:299$62_ADDR[3:0]$405
    59/87: $1$mem2reg_rd$\data_way1$code/src/cache.v:294$61_DATA[127:0]$404
    60/87: $1$mem2reg_rd$\data_way1$code/src/cache.v:294$61_ADDR[3:0]$403
    61/87: $1$mem2reg_rd$\tag_way1$code/src/cache.v:293$60_DATA[23:0]$402
    62/87: $1$mem2reg_rd$\tag_way1$code/src/cache.v:293$60_ADDR[3:0]$401
    63/87: $1$mem2reg_rd$\data_way0$code/src/cache.v:291$59_DATA[127:0]$400
    64/87: $1$mem2reg_rd$\data_way0$code/src/cache.v:291$59_ADDR[3:0]$399
    65/87: $1$mem2reg_rd$\tag_way0$code/src/cache.v:290$58_DATA[23:0]$398
    66/87: $1$mem2reg_rd$\tag_way0$code/src/cache.v:290$58_ADDR[3:0]$397
    67/87: $1\o_mem_wdata[127:0]
    68/87: $0$mem2reg_rd$\data_way1$code/src/cache.v:303$65_DATA[127:0]$396
    69/87: $0$mem2reg_rd$\data_way1$code/src/cache.v:303$65_ADDR[3:0]$395
    70/87: $0$mem2reg_rd$\tag_way1$code/src/cache.v:302$64_DATA[23:0]$394
    71/87: $0$mem2reg_rd$\tag_way1$code/src/cache.v:302$64_ADDR[3:0]$393
    72/87: $0$mem2reg_rd$\data_way0$code/src/cache.v:300$63_DATA[127:0]$392
    73/87: $0$mem2reg_rd$\data_way0$code/src/cache.v:300$63_ADDR[3:0]$391
    74/87: $0$mem2reg_rd$\tag_way0$code/src/cache.v:299$62_DATA[23:0]$390
    75/87: $0$mem2reg_rd$\tag_way0$code/src/cache.v:299$62_ADDR[3:0]$389
    76/87: $0$mem2reg_rd$\data_way1$code/src/cache.v:294$61_DATA[127:0]$388
    77/87: $0$mem2reg_rd$\data_way1$code/src/cache.v:294$61_ADDR[3:0]$387
    78/87: $0$mem2reg_rd$\tag_way1$code/src/cache.v:293$60_DATA[23:0]$386
    79/87: $0$mem2reg_rd$\tag_way1$code/src/cache.v:293$60_ADDR[3:0]$385
    80/87: $0$mem2reg_rd$\data_way0$code/src/cache.v:291$59_DATA[127:0]$384
    81/87: $0$mem2reg_rd$\data_way0$code/src/cache.v:291$59_ADDR[3:0]$383
    82/87: $0$mem2reg_rd$\tag_way0$code/src/cache.v:290$58_DATA[23:0]$382
    83/87: $0$mem2reg_rd$\tag_way0$code/src/cache.v:290$58_ADDR[3:0]$381
    84/87: $0\o_mem_wdata[127:0]
    85/87: $0\o_mem_addr[31:0]
    86/87: $0\o_mem_wen[0:0]
    87/87: $0\o_mem_cen[0:0]
Creating decoders for process `\Cache.$proc$code/src/cache.v:172$131'.
     1/476: $3$mem2reg_wr$\dirty_way0$code/src/cache.v:258$56_ADDR[3:0]$376
     2/476: $3$mem2reg_wr$\dirty_way0$code/src/cache.v:258$56_DATA[0:0]$377
     3/476: $3$mem2reg_wr$\dirty_way1$code/src/cache.v:259$57_DATA[0:0]$379
     4/476: $3$mem2reg_wr$\dirty_way1$code/src/cache.v:259$57_ADDR[3:0]$378
     5/476: $2$mem2reg_wr$\dirty_way1$code/src/cache.v:259$57_DATA[0:0]$374
     6/476: $2$mem2reg_wr$\dirty_way1$code/src/cache.v:259$57_ADDR[3:0]$373
     7/476: $2$mem2reg_wr$\dirty_way0$code/src/cache.v:258$56_DATA[0:0]$372
     8/476: $2$mem2reg_wr$\dirty_way0$code/src/cache.v:258$56_ADDR[3:0]$371
     9/476: $0\data_way1[15][127:0] [127:96]
    10/476: $3$mem2reg_wr$\lru_bit$code/src/cache.v:244$50_DATA[0:0]$356
    11/476: $3$mem2reg_wr$\data_way0$code/src/cache.v:243$49_ADDR[3:0]$353
    12/476: $3$mem2reg_wr$\data_way0$code/src/cache.v:243$49_DATA[127:0]$354
    13/476: $3$mem2reg_wr$\tag_way0$code/src/cache.v:242$48_ADDR[3:0]$351
    14/476: $3$mem2reg_wr$\tag_way0$code/src/cache.v:242$48_DATA[23:0]$352
    15/476: $3$mem2reg_wr$\dirty_way0$code/src/cache.v:241$47_ADDR[3:0]$349
    16/476: $3$mem2reg_wr$\dirty_way0$code/src/cache.v:241$47_DATA[0:0]$350
    17/476: $3$mem2reg_wr$\valid_way0$code/src/cache.v:240$46_ADDR[3:0]$347
    18/476: $3$mem2reg_wr$\valid_way0$code/src/cache.v:240$46_DATA[0:0]$348
    19/476: $3$mem2reg_wr$\lru_bit$code/src/cache.v:250$55_DATA[0:0]$366
    20/476: $3$mem2reg_wr$\lru_bit$code/src/cache.v:250$55_ADDR[3:0]$365
    21/476: $3$mem2reg_wr$\data_way1$code/src/cache.v:249$54_DATA[127:0]$364
    22/476: $3$mem2reg_wr$\data_way1$code/src/cache.v:249$54_ADDR[3:0]$363
    23/476: $3$mem2reg_wr$\tag_way1$code/src/cache.v:248$53_DATA[23:0]$362
    24/476: $3$mem2reg_wr$\tag_way1$code/src/cache.v:248$53_ADDR[3:0]$361
    25/476: $3$mem2reg_wr$\dirty_way1$code/src/cache.v:247$52_DATA[0:0]$360
    26/476: $3$mem2reg_wr$\dirty_way1$code/src/cache.v:247$52_ADDR[3:0]$359
    27/476: $3$mem2reg_wr$\valid_way1$code/src/cache.v:246$51_DATA[0:0]$358
    28/476: $3$mem2reg_wr$\valid_way1$code/src/cache.v:246$51_ADDR[3:0]$357
    29/476: $2$mem2reg_wr$\lru_bit$code/src/cache.v:250$55_DATA[0:0]$345
    30/476: $2$mem2reg_wr$\lru_bit$code/src/cache.v:250$55_ADDR[3:0]$344
    31/476: $2$mem2reg_wr$\data_way1$code/src/cache.v:249$54_DATA[127:0]$343
    32/476: $2$mem2reg_wr$\data_way1$code/src/cache.v:249$54_ADDR[3:0]$342
    33/476: $2$mem2reg_wr$\tag_way1$code/src/cache.v:248$53_DATA[23:0]$341
    34/476: $2$mem2reg_wr$\tag_way1$code/src/cache.v:248$53_ADDR[3:0]$340
    35/476: $2$mem2reg_wr$\dirty_way1$code/src/cache.v:247$52_DATA[0:0]$339
    36/476: $2$mem2reg_wr$\dirty_way1$code/src/cache.v:247$52_ADDR[3:0]$338
    37/476: $2$mem2reg_wr$\valid_way1$code/src/cache.v:246$51_DATA[0:0]$337
    38/476: $2$mem2reg_wr$\valid_way1$code/src/cache.v:246$51_ADDR[3:0]$336
    39/476: $2$mem2reg_wr$\lru_bit$code/src/cache.v:244$50_DATA[0:0]$335
    40/476: $2$mem2reg_wr$\lru_bit$code/src/cache.v:244$50_ADDR[3:0]$334
    41/476: $2$mem2reg_wr$\data_way0$code/src/cache.v:243$49_DATA[127:0]$333
    42/476: $2$mem2reg_wr$\data_way0$code/src/cache.v:243$49_ADDR[3:0]$332
    43/476: $2$mem2reg_wr$\tag_way0$code/src/cache.v:242$48_DATA[23:0]$331
    44/476: $2$mem2reg_wr$\tag_way0$code/src/cache.v:242$48_ADDR[3:0]$330
    45/476: $2$mem2reg_wr$\dirty_way0$code/src/cache.v:241$47_DATA[0:0]$329
    46/476: $2$mem2reg_wr$\dirty_way0$code/src/cache.v:241$47_ADDR[3:0]$328
    47/476: $2$mem2reg_wr$\valid_way0$code/src/cache.v:240$46_DATA[0:0]$327
    48/476: $2$mem2reg_wr$\valid_way0$code/src/cache.v:240$46_ADDR[3:0]$326
    49/476: $0\data_way1[15][127:0] [95:64]
    50/476: $0\data_way1[15][127:0] [63:32]
    51/476: $0\data_way1[14][127:0] [63:32]
    52/476: $0\data_way1[13][127:0] [63:32]
    53/476: $0\data_way1[12][127:0] [63:32]
    54/476: $0\data_way1[11][127:0] [63:32]
    55/476: $0\data_way1[10][127:0] [63:32]
    56/476: $0\data_way1[9][127:0] [63:32]
    57/476: $0\data_way1[8][127:0] [63:32]
    58/476: $0\data_way1[7][127:0] [63:32]
    59/476: $0\data_way1[6][127:0] [63:32]
    60/476: $0\data_way1[5][127:0] [63:32]
    61/476: $0\data_way1[4][127:0] [63:32]
    62/476: $0\data_way1[3][127:0] [63:32]
    63/476: $0\data_way1[2][127:0] [63:32]
    64/476: $0\data_way1[1][127:0] [63:32]
    65/476: $0\data_way1[0][127:0] [63:32]
    66/476: $0\data_way1[15][127:0] [31:0]
    67/476: $0\data_way1[14][127:0] [31:0]
    68/476: $0\data_way1[13][127:0] [31:0]
    69/476: $0\data_way1[12][127:0] [31:0]
    70/476: $0\data_way1[11][127:0] [31:0]
    71/476: $0\data_way1[10][127:0] [31:0]
    72/476: $0\data_way1[9][127:0] [31:0]
    73/476: $0\data_way1[8][127:0] [31:0]
    74/476: $0\data_way1[7][127:0] [31:0]
    75/476: $0\data_way1[6][127:0] [31:0]
    76/476: $0\data_way1[5][127:0] [31:0]
    77/476: $0\data_way1[4][127:0] [31:0]
    78/476: $0\data_way1[3][127:0] [31:0]
    79/476: $0\data_way1[2][127:0] [31:0]
    80/476: $0\data_way1[1][127:0] [31:0]
    81/476: $0\data_way1[0][127:0] [31:0]
    82/476: $0\data_way1[14][127:0] [127:96]
    83/476: $0\data_way1[13][127:0] [127:96]
    84/476: $0\data_way1[12][127:0] [127:96]
    85/476: $0\data_way1[11][127:0] [127:96]
    86/476: $0\data_way1[10][127:0] [127:96]
    87/476: $0\data_way1[9][127:0] [127:96]
    88/476: $0\data_way1[8][127:0] [127:96]
    89/476: $0\data_way1[7][127:0] [127:96]
    90/476: $0\data_way1[6][127:0] [127:96]
    91/476: $0\data_way1[5][127:0] [127:96]
    92/476: $0\data_way1[4][127:0] [127:96]
    93/476: $0\data_way1[3][127:0] [127:96]
    94/476: $0\data_way1[2][127:0] [127:96]
    95/476: $0\data_way1[1][127:0] [127:96]
    96/476: $0\data_way1[0][127:0] [127:96]
    97/476: $0\data_way0[15][127:0] [127:96]
    98/476: $4$mem2reg_wr$\data_way1$code/src/cache.v:227$42_DATA[127:0]$316
    99/476: $4$mem2reg_wr$\data_way1$code/src/cache.v:230$45_DATA[127:0]$322
   100/476: $4$mem2reg_wr$\data_way1$code/src/cache.v:230$45_ADDR[3:0]$321
   101/476: $4$mem2reg_wr$\data_way1$code/src/cache.v:229$44_DATA[127:0]$320
   102/476: $4$mem2reg_wr$\data_way1$code/src/cache.v:229$44_ADDR[3:0]$319
   103/476: $4$mem2reg_wr$\data_way1$code/src/cache.v:228$43_DATA[127:0]$318
   104/476: $4$mem2reg_wr$\data_way1$code/src/cache.v:228$43_ADDR[3:0]$317
   105/476: $0\data_way0[15][127:0] [95:64]
   106/476: $0\data_way0[15][127:0] [63:32]
   107/476: $0\data_way0[14][127:0] [63:32]
   108/476: $0\data_way0[13][127:0] [63:32]
   109/476: $0\data_way0[12][127:0] [63:32]
   110/476: $0\data_way0[11][127:0] [63:32]
   111/476: $0\data_way0[10][127:0] [63:32]
   112/476: $0\data_way0[9][127:0] [63:32]
   113/476: $0\data_way0[8][127:0] [63:32]
   114/476: $0\data_way0[7][127:0] [63:32]
   115/476: $0\data_way0[6][127:0] [63:32]
   116/476: $0\data_way0[5][127:0] [63:32]
   117/476: $0\data_way0[4][127:0] [63:32]
   118/476: $0\data_way0[3][127:0] [63:32]
   119/476: $0\data_way0[2][127:0] [63:32]
   120/476: $0\data_way0[1][127:0] [63:32]
   121/476: $0\data_way0[0][127:0] [63:32]
   122/476: $0\data_way0[15][127:0] [31:0]
   123/476: $0\data_way0[14][127:0] [31:0]
   124/476: $0\data_way0[13][127:0] [31:0]
   125/476: $0\data_way0[12][127:0] [31:0]
   126/476: $0\data_way0[11][127:0] [31:0]
   127/476: $0\data_way0[10][127:0] [31:0]
   128/476: $0\data_way0[9][127:0] [31:0]
   129/476: $0\data_way0[8][127:0] [31:0]
   130/476: $0\data_way0[7][127:0] [31:0]
   131/476: $0\data_way0[6][127:0] [31:0]
   132/476: $0\data_way0[5][127:0] [31:0]
   133/476: $0\data_way0[4][127:0] [31:0]
   134/476: $0\data_way0[3][127:0] [31:0]
   135/476: $0\data_way0[2][127:0] [31:0]
   136/476: $0\data_way0[1][127:0] [31:0]
   137/476: $0\data_way0[0][127:0] [31:0]
   138/476: $0\data_way0[14][127:0] [127:96]
   139/476: $0\data_way0[13][127:0] [127:96]
   140/476: $0\data_way0[12][127:0] [127:96]
   141/476: $0\data_way0[11][127:0] [127:96]
   142/476: $0\data_way0[10][127:0] [127:96]
   143/476: $0\data_way0[9][127:0] [127:96]
   144/476: $0\data_way0[8][127:0] [127:96]
   145/476: $0\data_way0[7][127:0] [127:96]
   146/476: $0\data_way0[6][127:0] [127:96]
   147/476: $0\data_way0[5][127:0] [127:96]
   148/476: $0\data_way0[4][127:0] [127:96]
   149/476: $0\data_way0[3][127:0] [127:96]
   150/476: $0\data_way0[2][127:0] [127:96]
   151/476: $0\data_way0[1][127:0] [127:96]
   152/476: $0\data_way0[0][127:0] [127:96]
   153/476: $3$mem2reg_wr$\lru_bit$code/src/cache.v:244$50_ADDR[3:0]$355
   154/476: $4$mem2reg_wr$\data_way0$code/src/cache.v:218$36_DATA[127:0]$308
   155/476: $4$mem2reg_wr$\data_way0$code/src/cache.v:221$39_DATA[127:0]$314
   156/476: $4$mem2reg_wr$\data_way0$code/src/cache.v:221$39_ADDR[3:0]$313
   157/476: $4$mem2reg_wr$\data_way0$code/src/cache.v:220$38_DATA[127:0]$312
   158/476: $4$mem2reg_wr$\data_way0$code/src/cache.v:220$38_ADDR[3:0]$311
   159/476: $4$mem2reg_wr$\data_way0$code/src/cache.v:219$37_DATA[127:0]$310
   160/476: $4$mem2reg_wr$\data_way0$code/src/cache.v:219$37_ADDR[3:0]$309
   161/476: $3$mem2reg_wr$\data_way0$code/src/cache.v:221$39_DATA[127:0]$294
   162/476: $3$mem2reg_wr$\data_way0$code/src/cache.v:221$39_ADDR[3:0]$293
   163/476: $3$mem2reg_wr$\data_way0$code/src/cache.v:220$38_DATA[127:0]$292
   164/476: $3$mem2reg_wr$\data_way0$code/src/cache.v:220$38_ADDR[3:0]$291
   165/476: $3$mem2reg_wr$\data_way0$code/src/cache.v:219$37_DATA[127:0]$290
   166/476: $3$mem2reg_wr$\data_way0$code/src/cache.v:219$37_ADDR[3:0]$289
   167/476: $3$mem2reg_wr$\data_way0$code/src/cache.v:218$36_DATA[127:0]$288
   168/476: $3$mem2reg_wr$\data_way0$code/src/cache.v:218$36_ADDR[3:0]$287
   169/476: $3$mem2reg_wr$\lru_bit$code/src/cache.v:216$35_ADDR[3:0]$285
   170/476: $3$mem2reg_wr$\lru_bit$code/src/cache.v:216$35_DATA[0:0]$286
   171/476: $3$mem2reg_wr$\dirty_way0$code/src/cache.v:215$34_ADDR[3:0]$283
   172/476: $3$mem2reg_wr$\dirty_way0$code/src/cache.v:215$34_DATA[0:0]$284
   173/476: $3$mem2reg_wr$\data_way1$code/src/cache.v:230$45_DATA[127:0]$306
   174/476: $3$mem2reg_wr$\data_way1$code/src/cache.v:230$45_ADDR[3:0]$305
   175/476: $3$mem2reg_wr$\data_way1$code/src/cache.v:229$44_DATA[127:0]$304
   176/476: $3$mem2reg_wr$\data_way1$code/src/cache.v:229$44_ADDR[3:0]$303
   177/476: $3$mem2reg_wr$\data_way1$code/src/cache.v:228$43_DATA[127:0]$302
   178/476: $3$mem2reg_wr$\data_way1$code/src/cache.v:228$43_ADDR[3:0]$301
   179/476: $3$mem2reg_wr$\data_way1$code/src/cache.v:227$42_DATA[127:0]$300
   180/476: $3$mem2reg_wr$\data_way1$code/src/cache.v:227$42_ADDR[3:0]$299
   181/476: $3$mem2reg_wr$\lru_bit$code/src/cache.v:225$41_DATA[0:0]$298
   182/476: $3$mem2reg_wr$\lru_bit$code/src/cache.v:225$41_ADDR[3:0]$297
   183/476: $3$mem2reg_wr$\dirty_way1$code/src/cache.v:224$40_DATA[0:0]$296
   184/476: $3$mem2reg_wr$\dirty_way1$code/src/cache.v:224$40_ADDR[3:0]$295
   185/476: $2$mem2reg_wr$\data_way1$code/src/cache.v:230$45_DATA[127:0]$282
   186/476: $2$mem2reg_wr$\data_way1$code/src/cache.v:230$45_ADDR[3:0]$281
   187/476: $2$mem2reg_wr$\data_way1$code/src/cache.v:229$44_DATA[127:0]$280
   188/476: $2$mem2reg_wr$\data_way1$code/src/cache.v:229$44_ADDR[3:0]$279
   189/476: $2$mem2reg_wr$\data_way1$code/src/cache.v:228$43_DATA[127:0]$278
   190/476: $2$mem2reg_wr$\data_way1$code/src/cache.v:228$43_ADDR[3:0]$277
   191/476: $2$mem2reg_wr$\data_way1$code/src/cache.v:227$42_DATA[127:0]$276
   192/476: $2$mem2reg_wr$\data_way1$code/src/cache.v:227$42_ADDR[3:0]$275
   193/476: $2$mem2reg_wr$\lru_bit$code/src/cache.v:225$41_DATA[0:0]$274
   194/476: $2$mem2reg_wr$\lru_bit$code/src/cache.v:225$41_ADDR[3:0]$273
   195/476: $2$mem2reg_wr$\dirty_way1$code/src/cache.v:224$40_DATA[0:0]$272
   196/476: $2$mem2reg_wr$\dirty_way1$code/src/cache.v:224$40_ADDR[3:0]$271
   197/476: $2$mem2reg_wr$\data_way0$code/src/cache.v:221$39_DATA[127:0]$270
   198/476: $2$mem2reg_wr$\data_way0$code/src/cache.v:221$39_ADDR[3:0]$269
   199/476: $2$mem2reg_wr$\data_way0$code/src/cache.v:220$38_DATA[127:0]$268
   200/476: $2$mem2reg_wr$\data_way0$code/src/cache.v:220$38_ADDR[3:0]$267
   201/476: $2$mem2reg_wr$\data_way0$code/src/cache.v:219$37_DATA[127:0]$266
   202/476: $2$mem2reg_wr$\data_way0$code/src/cache.v:219$37_ADDR[3:0]$265
   203/476: $2$mem2reg_wr$\data_way0$code/src/cache.v:218$36_DATA[127:0]$264
   204/476: $2$mem2reg_wr$\data_way0$code/src/cache.v:218$36_ADDR[3:0]$263
   205/476: $2$mem2reg_wr$\lru_bit$code/src/cache.v:216$35_DATA[0:0]$262
   206/476: $2$mem2reg_wr$\lru_bit$code/src/cache.v:216$35_ADDR[3:0]$261
   207/476: $2$mem2reg_wr$\dirty_way0$code/src/cache.v:215$34_DATA[0:0]$260
   208/476: $2$mem2reg_wr$\dirty_way0$code/src/cache.v:215$34_ADDR[3:0]$259
   209/476: $4$mem2reg_rd$\dirty_way1$code/src/cache.v:198$33_DATA[0:0]$250
   210/476: $4$mem2reg_rd$\dirty_way0$code/src/cache.v:197$32_DATA[0:0]$249
   211/476: $3\curr_dirty[0:0]
   212/476: $3$mem2reg_rd$\dirty_way0$code/src/cache.v:197$32_DATA[0:0]$246
   213/476: $3$mem2reg_rd$\dirty_way0$code/src/cache.v:197$32_ADDR[3:0]$245
   214/476: $3$mem2reg_rd$\dirty_way1$code/src/cache.v:198$33_DATA[0:0]$248
   215/476: $3$mem2reg_rd$\dirty_way1$code/src/cache.v:198$33_ADDR[3:0]$247
   216/476: $2$mem2reg_rd$\dirty_way1$code/src/cache.v:198$33_DATA[0:0]$243
   217/476: $2$mem2reg_rd$\dirty_way1$code/src/cache.v:198$33_ADDR[3:0]$242
   218/476: $2$mem2reg_rd$\dirty_way0$code/src/cache.v:197$32_DATA[0:0]$241
   219/476: $2$mem2reg_rd$\dirty_way0$code/src/cache.v:197$32_ADDR[3:0]$240
   220/476: $2\curr_dirty[0:0]
   221/476: $1$mem2reg_wr$\dirty_way1$code/src/cache.v:259$57_DATA[0:0]$236
   222/476: $1$mem2reg_wr$\dirty_way1$code/src/cache.v:259$57_ADDR[3:0]$235
   223/476: $1$mem2reg_wr$\dirty_way0$code/src/cache.v:258$56_DATA[0:0]$234
   224/476: $1$mem2reg_wr$\dirty_way0$code/src/cache.v:258$56_ADDR[3:0]$233
   225/476: $1$mem2reg_wr$\lru_bit$code/src/cache.v:250$55_DATA[0:0]$232
   226/476: $1$mem2reg_wr$\lru_bit$code/src/cache.v:250$55_ADDR[3:0]$231
   227/476: $1$mem2reg_wr$\data_way1$code/src/cache.v:249$54_DATA[127:0]$230
   228/476: $1$mem2reg_wr$\data_way1$code/src/cache.v:249$54_ADDR[3:0]$229
   229/476: $1$mem2reg_wr$\tag_way1$code/src/cache.v:248$53_DATA[23:0]$228
   230/476: $1$mem2reg_wr$\tag_way1$code/src/cache.v:248$53_ADDR[3:0]$227
   231/476: $1$mem2reg_wr$\dirty_way1$code/src/cache.v:247$52_DATA[0:0]$226
   232/476: $1$mem2reg_wr$\dirty_way1$code/src/cache.v:247$52_ADDR[3:0]$225
   233/476: $1$mem2reg_wr$\valid_way1$code/src/cache.v:246$51_DATA[0:0]$224
   234/476: $1$mem2reg_wr$\valid_way1$code/src/cache.v:246$51_ADDR[3:0]$223
   235/476: $1$mem2reg_wr$\lru_bit$code/src/cache.v:244$50_DATA[0:0]$222
   236/476: $1$mem2reg_wr$\lru_bit$code/src/cache.v:244$50_ADDR[3:0]$221
   237/476: $1$mem2reg_wr$\data_way0$code/src/cache.v:243$49_DATA[127:0]$220
   238/476: $1$mem2reg_wr$\data_way0$code/src/cache.v:243$49_ADDR[3:0]$219
   239/476: $1$mem2reg_wr$\tag_way0$code/src/cache.v:242$48_DATA[23:0]$218
   240/476: $1$mem2reg_wr$\tag_way0$code/src/cache.v:242$48_ADDR[3:0]$217
   241/476: $1$mem2reg_wr$\dirty_way0$code/src/cache.v:241$47_DATA[0:0]$216
   242/476: $1$mem2reg_wr$\dirty_way0$code/src/cache.v:241$47_ADDR[3:0]$215
   243/476: $1$mem2reg_wr$\valid_way0$code/src/cache.v:240$46_DATA[0:0]$214
   244/476: $1$mem2reg_wr$\valid_way0$code/src/cache.v:240$46_ADDR[3:0]$213
   245/476: $1$mem2reg_wr$\data_way1$code/src/cache.v:230$45_DATA[127:0]$212
   246/476: $1$mem2reg_wr$\data_way1$code/src/cache.v:230$45_ADDR[3:0]$211
   247/476: $1$mem2reg_wr$\data_way1$code/src/cache.v:229$44_DATA[127:0]$210
   248/476: $1$mem2reg_wr$\data_way1$code/src/cache.v:229$44_ADDR[3:0]$209
   249/476: $1$mem2reg_wr$\data_way1$code/src/cache.v:228$43_DATA[127:0]$208
   250/476: $1$mem2reg_wr$\data_way1$code/src/cache.v:228$43_ADDR[3:0]$207
   251/476: $1$mem2reg_wr$\data_way1$code/src/cache.v:227$42_DATA[127:0]$206
   252/476: $1$mem2reg_wr$\data_way1$code/src/cache.v:227$42_ADDR[3:0]$205
   253/476: $1$mem2reg_wr$\lru_bit$code/src/cache.v:225$41_DATA[0:0]$204
   254/476: $1$mem2reg_wr$\lru_bit$code/src/cache.v:225$41_ADDR[3:0]$203
   255/476: $1$mem2reg_wr$\dirty_way1$code/src/cache.v:224$40_DATA[0:0]$202
   256/476: $1$mem2reg_wr$\dirty_way1$code/src/cache.v:224$40_ADDR[3:0]$201
   257/476: $1$mem2reg_wr$\data_way0$code/src/cache.v:221$39_DATA[127:0]$200
   258/476: $1$mem2reg_wr$\data_way0$code/src/cache.v:221$39_ADDR[3:0]$199
   259/476: $1$mem2reg_wr$\data_way0$code/src/cache.v:220$38_DATA[127:0]$198
   260/476: $1$mem2reg_wr$\data_way0$code/src/cache.v:220$38_ADDR[3:0]$197
   261/476: $1$mem2reg_wr$\data_way0$code/src/cache.v:219$37_DATA[127:0]$196
   262/476: $1$mem2reg_wr$\data_way0$code/src/cache.v:219$37_ADDR[3:0]$195
   263/476: $1$mem2reg_wr$\data_way0$code/src/cache.v:218$36_DATA[127:0]$194
   264/476: $1$mem2reg_wr$\data_way0$code/src/cache.v:218$36_ADDR[3:0]$193
   265/476: $1$mem2reg_wr$\lru_bit$code/src/cache.v:216$35_DATA[0:0]$192
   266/476: $1$mem2reg_wr$\lru_bit$code/src/cache.v:216$35_ADDR[3:0]$191
   267/476: $1$mem2reg_wr$\dirty_way0$code/src/cache.v:215$34_DATA[0:0]$190
   268/476: $1$mem2reg_wr$\dirty_way0$code/src/cache.v:215$34_ADDR[3:0]$189
   269/476: $1$mem2reg_rd$\dirty_way1$code/src/cache.v:198$33_DATA[0:0]$188
   270/476: $1$mem2reg_rd$\dirty_way1$code/src/cache.v:198$33_ADDR[3:0]$187
   271/476: $1$mem2reg_rd$\dirty_way0$code/src/cache.v:197$32_DATA[0:0]$186
   272/476: $1$mem2reg_rd$\dirty_way0$code/src/cache.v:197$32_ADDR[3:0]$185
   273/476: $1\curr_dirty[0:0]
   274/476: $1\i[31:0]
   275/476: $0$mem2reg_wr$\dirty_way1$code/src/cache.v:259$57_DATA[0:0]$183
   276/476: $0$mem2reg_wr$\dirty_way1$code/src/cache.v:259$57_ADDR[3:0]$182
   277/476: $0$mem2reg_wr$\dirty_way0$code/src/cache.v:258$56_DATA[0:0]$181
   278/476: $0$mem2reg_wr$\dirty_way0$code/src/cache.v:258$56_ADDR[3:0]$180
   279/476: $0$mem2reg_wr$\lru_bit$code/src/cache.v:250$55_DATA[0:0]$179
   280/476: $0$mem2reg_wr$\lru_bit$code/src/cache.v:250$55_ADDR[3:0]$178
   281/476: $0$mem2reg_wr$\data_way1$code/src/cache.v:249$54_DATA[127:0]$177
   282/476: $0$mem2reg_wr$\data_way1$code/src/cache.v:249$54_ADDR[3:0]$176
   283/476: $0$mem2reg_wr$\tag_way1$code/src/cache.v:248$53_DATA[23:0]$175
   284/476: $0$mem2reg_wr$\tag_way1$code/src/cache.v:248$53_ADDR[3:0]$174
   285/476: $0$mem2reg_wr$\dirty_way1$code/src/cache.v:247$52_DATA[0:0]$173
   286/476: $0$mem2reg_wr$\dirty_way1$code/src/cache.v:247$52_ADDR[3:0]$172
   287/476: $0$mem2reg_wr$\valid_way1$code/src/cache.v:246$51_DATA[0:0]$171
   288/476: $0$mem2reg_wr$\valid_way1$code/src/cache.v:246$51_ADDR[3:0]$170
   289/476: $0$mem2reg_wr$\lru_bit$code/src/cache.v:244$50_DATA[0:0]$169
   290/476: $0$mem2reg_wr$\lru_bit$code/src/cache.v:244$50_ADDR[3:0]$168
   291/476: $0$mem2reg_wr$\data_way0$code/src/cache.v:243$49_DATA[127:0]$167
   292/476: $0$mem2reg_wr$\data_way0$code/src/cache.v:243$49_ADDR[3:0]$166
   293/476: $0$mem2reg_wr$\tag_way0$code/src/cache.v:242$48_DATA[23:0]$165
   294/476: $0$mem2reg_wr$\tag_way0$code/src/cache.v:242$48_ADDR[3:0]$164
   295/476: $0$mem2reg_wr$\dirty_way0$code/src/cache.v:241$47_DATA[0:0]$163
   296/476: $0$mem2reg_wr$\dirty_way0$code/src/cache.v:241$47_ADDR[3:0]$162
   297/476: $0$mem2reg_wr$\valid_way0$code/src/cache.v:240$46_DATA[0:0]$161
   298/476: $0$mem2reg_wr$\valid_way0$code/src/cache.v:240$46_ADDR[3:0]$160
   299/476: $0$mem2reg_wr$\data_way1$code/src/cache.v:230$45_DATA[127:0]$159
   300/476: $0$mem2reg_wr$\data_way1$code/src/cache.v:230$45_ADDR[3:0]$158
   301/476: $0$mem2reg_wr$\data_way1$code/src/cache.v:229$44_DATA[127:0]$157
   302/476: $0$mem2reg_wr$\data_way1$code/src/cache.v:229$44_ADDR[3:0]$156
   303/476: $0$mem2reg_wr$\data_way1$code/src/cache.v:228$43_DATA[127:0]$155
   304/476: $0$mem2reg_wr$\data_way1$code/src/cache.v:228$43_ADDR[3:0]$154
   305/476: $0$mem2reg_wr$\data_way1$code/src/cache.v:227$42_DATA[127:0]$153
   306/476: $0$mem2reg_wr$\data_way1$code/src/cache.v:227$42_ADDR[3:0]$152
   307/476: $0$mem2reg_wr$\lru_bit$code/src/cache.v:225$41_DATA[0:0]$151
   308/476: $0$mem2reg_wr$\lru_bit$code/src/cache.v:225$41_ADDR[3:0]$150
   309/476: $0$mem2reg_wr$\dirty_way1$code/src/cache.v:224$40_DATA[0:0]$149
   310/476: $0$mem2reg_wr$\dirty_way1$code/src/cache.v:224$40_ADDR[3:0]$148
   311/476: $0$mem2reg_wr$\data_way0$code/src/cache.v:221$39_DATA[127:0]$147
   312/476: $0$mem2reg_wr$\data_way0$code/src/cache.v:221$39_ADDR[3:0]$146
   313/476: $0$mem2reg_wr$\data_way0$code/src/cache.v:220$38_DATA[127:0]$145
   314/476: $0$mem2reg_wr$\data_way0$code/src/cache.v:220$38_ADDR[3:0]$144
   315/476: $0$mem2reg_wr$\data_way0$code/src/cache.v:219$37_DATA[127:0]$143
   316/476: $0$mem2reg_wr$\data_way0$code/src/cache.v:219$37_ADDR[3:0]$142
   317/476: $0$mem2reg_wr$\data_way0$code/src/cache.v:218$36_DATA[127:0]$141
   318/476: $0$mem2reg_wr$\data_way0$code/src/cache.v:218$36_ADDR[3:0]$140
   319/476: $0$mem2reg_wr$\lru_bit$code/src/cache.v:216$35_DATA[0:0]$139
   320/476: $0$mem2reg_wr$\lru_bit$code/src/cache.v:216$35_ADDR[3:0]$138
   321/476: $0$mem2reg_wr$\dirty_way0$code/src/cache.v:215$34_DATA[0:0]$137
   322/476: $0$mem2reg_wr$\dirty_way0$code/src/cache.v:215$34_ADDR[3:0]$136
   323/476: $0$mem2reg_rd$\dirty_way1$code/src/cache.v:198$33_DATA[0:0]$135
   324/476: $0$mem2reg_rd$\dirty_way1$code/src/cache.v:198$33_ADDR[3:0]$134
   325/476: $0$mem2reg_rd$\dirty_way0$code/src/cache.v:197$32_DATA[0:0]$133
   326/476: $0$mem2reg_rd$\dirty_way0$code/src/cache.v:197$32_ADDR[3:0]$132
   327/476: $0\curr_dirty[0:0]
   328/476: $0\i[31:0]
   329/476: $0\tag_way1[15][23:0]
   330/476: $0\tag_way1[14][23:0]
   331/476: $0\tag_way1[13][23:0]
   332/476: $0\tag_way1[12][23:0]
   333/476: $0\tag_way1[11][23:0]
   334/476: $0\tag_way1[10][23:0]
   335/476: $0\tag_way1[9][23:0]
   336/476: $0\tag_way1[8][23:0]
   337/476: $0\tag_way1[7][23:0]
   338/476: $0\tag_way1[6][23:0]
   339/476: $0\tag_way1[5][23:0]
   340/476: $0\tag_way1[4][23:0]
   341/476: $0\tag_way1[3][23:0]
   342/476: $0\tag_way1[2][23:0]
   343/476: $0\tag_way1[1][23:0]
   344/476: $0\tag_way1[0][23:0]
   345/476: $0\tag_way0[15][23:0]
   346/476: $0\tag_way0[14][23:0]
   347/476: $0\tag_way0[13][23:0]
   348/476: $0\tag_way0[12][23:0]
   349/476: $0\tag_way0[11][23:0]
   350/476: $0\tag_way0[10][23:0]
   351/476: $0\tag_way0[9][23:0]
   352/476: $0\tag_way0[8][23:0]
   353/476: $0\tag_way0[7][23:0]
   354/476: $0\tag_way0[6][23:0]
   355/476: $0\tag_way0[5][23:0]
   356/476: $0\tag_way0[4][23:0]
   357/476: $0\tag_way0[3][23:0]
   358/476: $0\tag_way0[2][23:0]
   359/476: $0\tag_way0[1][23:0]
   360/476: $0\tag_way0[0][23:0]
   361/476: $0\data_way1[12][127:0] [95:64]
   362/476: $0\data_way1[11][127:0] [95:64]
   363/476: $0\data_way1[10][127:0] [95:64]
   364/476: $0\data_way1[9][127:0] [95:64]
   365/476: $0\data_way1[8][127:0] [95:64]
   366/476: $0\data_way1[7][127:0] [95:64]
   367/476: $0\data_way1[6][127:0] [95:64]
   368/476: $0\data_way1[5][127:0] [95:64]
   369/476: $0\data_way1[4][127:0] [95:64]
   370/476: $0\data_way1[3][127:0] [95:64]
   371/476: $0\data_way1[2][127:0] [95:64]
   372/476: $0\data_way1[1][127:0] [95:64]
   373/476: $0\data_way1[0][127:0] [95:64]
   374/476: $0\data_way1[14][127:0] [95:64]
   375/476: $0\data_way1[13][127:0] [95:64]
   376/476: $4$mem2reg_wr$\data_way1$code/src/cache.v:227$42_ADDR[3:0]$315
   377/476: $0\data_way0[12][127:0] [95:64]
   378/476: $0\data_way0[11][127:0] [95:64]
   379/476: $0\data_way0[10][127:0] [95:64]
   380/476: $0\data_way0[9][127:0] [95:64]
   381/476: $0\data_way0[8][127:0] [95:64]
   382/476: $0\data_way0[7][127:0] [95:64]
   383/476: $0\data_way0[6][127:0] [95:64]
   384/476: $0\data_way0[5][127:0] [95:64]
   385/476: $0\data_way0[4][127:0] [95:64]
   386/476: $0\data_way0[3][127:0] [95:64]
   387/476: $0\data_way0[2][127:0] [95:64]
   388/476: $0\data_way0[1][127:0] [95:64]
   389/476: $0\data_way0[0][127:0] [95:64]
   390/476: $0\data_way0[14][127:0] [95:64]
   391/476: $0\data_way0[13][127:0] [95:64]
   392/476: $4$mem2reg_wr$\data_way0$code/src/cache.v:218$36_ADDR[3:0]$307
   393/476: $0\lru_bit[15][0:0]
   394/476: $0\lru_bit[14][0:0]
   395/476: $0\lru_bit[13][0:0]
   396/476: $0\lru_bit[12][0:0]
   397/476: $0\lru_bit[11][0:0]
   398/476: $0\lru_bit[10][0:0]
   399/476: $0\lru_bit[9][0:0]
   400/476: $0\lru_bit[8][0:0]
   401/476: $0\lru_bit[7][0:0]
   402/476: $0\lru_bit[6][0:0]
   403/476: $0\lru_bit[5][0:0]
   404/476: $0\lru_bit[4][0:0]
   405/476: $0\lru_bit[3][0:0]
   406/476: $0\lru_bit[2][0:0]
   407/476: $0\lru_bit[1][0:0]
   408/476: $0\lru_bit[0][0:0]
   409/476: $0\dirty_way1[15][0:0]
   410/476: $0\dirty_way1[14][0:0]
   411/476: $0\dirty_way1[13][0:0]
   412/476: $0\dirty_way1[12][0:0]
   413/476: $0\dirty_way1[11][0:0]
   414/476: $0\dirty_way1[10][0:0]
   415/476: $0\dirty_way1[9][0:0]
   416/476: $0\dirty_way1[8][0:0]
   417/476: $0\dirty_way1[7][0:0]
   418/476: $0\dirty_way1[6][0:0]
   419/476: $0\dirty_way1[5][0:0]
   420/476: $0\dirty_way1[4][0:0]
   421/476: $0\dirty_way1[3][0:0]
   422/476: $0\dirty_way1[2][0:0]
   423/476: $0\dirty_way1[1][0:0]
   424/476: $0\dirty_way1[0][0:0]
   425/476: $0\valid_way1[15][0:0]
   426/476: $0\valid_way1[14][0:0]
   427/476: $0\valid_way1[13][0:0]
   428/476: $0\valid_way1[12][0:0]
   429/476: $0\valid_way1[11][0:0]
   430/476: $0\valid_way1[10][0:0]
   431/476: $0\valid_way1[9][0:0]
   432/476: $0\valid_way1[8][0:0]
   433/476: $0\valid_way1[7][0:0]
   434/476: $0\valid_way1[6][0:0]
   435/476: $0\valid_way1[5][0:0]
   436/476: $0\valid_way1[4][0:0]
   437/476: $0\valid_way1[3][0:0]
   438/476: $0\valid_way1[2][0:0]
   439/476: $0\valid_way1[1][0:0]
   440/476: $0\valid_way1[0][0:0]
   441/476: $0\dirty_way0[15][0:0]
   442/476: $0\dirty_way0[14][0:0]
   443/476: $0\dirty_way0[13][0:0]
   444/476: $0\dirty_way0[12][0:0]
   445/476: $0\dirty_way0[11][0:0]
   446/476: $0\dirty_way0[10][0:0]
   447/476: $0\dirty_way0[9][0:0]
   448/476: $0\dirty_way0[8][0:0]
   449/476: $0\dirty_way0[7][0:0]
   450/476: $0\dirty_way0[6][0:0]
   451/476: $0\dirty_way0[5][0:0]
   452/476: $0\dirty_way0[4][0:0]
   453/476: $0\dirty_way0[3][0:0]
   454/476: $0\dirty_way0[2][0:0]
   455/476: $0\dirty_way0[1][0:0]
   456/476: $0\dirty_way0[0][0:0]
   457/476: $0\valid_way0[15][0:0]
   458/476: $0\valid_way0[14][0:0]
   459/476: $0\valid_way0[13][0:0]
   460/476: $0\valid_way0[12][0:0]
   461/476: $0\valid_way0[11][0:0]
   462/476: $0\valid_way0[10][0:0]
   463/476: $0\valid_way0[9][0:0]
   464/476: $0\valid_way0[8][0:0]
   465/476: $0\valid_way0[7][0:0]
   466/476: $0\valid_way0[6][0:0]
   467/476: $0\valid_way0[5][0:0]
   468/476: $0\valid_way0[4][0:0]
   469/476: $0\valid_way0[3][0:0]
   470/476: $0\valid_way0[2][0:0]
   471/476: $0\valid_way0[1][0:0]
   472/476: $0\valid_way0[0][0:0]
   473/476: $0\drain_way[0:0]
   474/476: $0\drain_index[3:0]
   475/476: $0\draining[0:0]
   476/476: $0\state[2:0]
Creating decoders for process `\Cache.$proc$code/src/cache.v:134$117'.
     1/8: $7\next_state[2:0]
     2/8: $6\next_state[2:0]
     3/8: $5\next_state[2:0]
     4/8: $4\next_state[2:0]
     5/8: $3\next_state[2:0]
     6/8: $2\next_state[2:0]
     7/8: $1\next_state[2:0]
     8/8: $0\next_state[2:0]
Creating decoders for process `\Cache.$proc$code/src/cache.v:99$84'.
     1/18: $3$mem2reg_rd$\lru_bit$code/src/cache.v:102$27_DATA[0:0]$101
     2/18: $2\victim_way[0:0]
     3/18: $2$mem2reg_rd$\lru_bit$code/src/cache.v:102$27_DATA[0:0]$100
     4/18: $2$mem2reg_rd$\lru_bit$code/src/cache.v:102$27_ADDR[3:0]$99
     5/18: $2$mem2reg_rd$\valid_way1$code/src/cache.v:101$26_DATA[0:0]$97
     6/18: $1\victim_way[0:0]
     7/18: $1$mem2reg_rd$\lru_bit$code/src/cache.v:102$27_DATA[0:0]$96
     8/18: $1$mem2reg_rd$\lru_bit$code/src/cache.v:102$27_ADDR[3:0]$95
     9/18: $1$mem2reg_rd$\valid_way1$code/src/cache.v:101$26_DATA[0:0]$94
    10/18: $1$mem2reg_rd$\valid_way1$code/src/cache.v:101$26_ADDR[3:0]$93
    11/18: $1$mem2reg_rd$\valid_way0$code/src/cache.v:100$25_DATA[0:0]$91
    12/18: $0$mem2reg_rd$\lru_bit$code/src/cache.v:102$27_DATA[0:0]$90
    13/18: $0$mem2reg_rd$\lru_bit$code/src/cache.v:102$27_ADDR[3:0]$89
    14/18: $0$mem2reg_rd$\valid_way1$code/src/cache.v:101$26_DATA[0:0]$88
    15/18: $0$mem2reg_rd$\valid_way1$code/src/cache.v:101$26_ADDR[3:0]$87
    16/18: $0\victim_way[0:0]
    17/18: $0$mem2reg_rd$\valid_way0$code/src/cache.v:100$25_DATA[0:0]$86
    18/18: $0$mem2reg_rd$\valid_way0$code/src/cache.v:100$25_ADDR[3:0]$85

4.6. Executing PROC_DLATCH pass (convert process syncs to latches).
No latch inferred for signal `\Cache.$mem2reg_rd$\dirty_way1$code/src/cache.v:132$31_DATA' from process `\Cache.$proc$code/src/cache.v:1$494'.
No latch inferred for signal `\Cache.$mem2reg_rd$\dirty_way0$code/src/cache.v:131$30_DATA' from process `\Cache.$proc$code/src/cache.v:1$491'.
No latch inferred for signal `\Cache.$mem2reg_rd$\dirty_way1$code/src/cache.v:105$29_DATA' from process `\Cache.$proc$code/src/cache.v:1$488'.
No latch inferred for signal `\Cache.$mem2reg_rd$\dirty_way0$code/src/cache.v:105$28_DATA' from process `\Cache.$proc$code/src/cache.v:1$485'.
No latch inferred for signal `\Cache.$mem2reg_rd$\data_way1$code/src/cache.v:75$24_DATA' from process `\Cache.$proc$code/src/cache.v:1$482'.
No latch inferred for signal `\Cache.$mem2reg_rd$\data_way0$code/src/cache.v:74$23_DATA' from process `\Cache.$proc$code/src/cache.v:1$479'.
No latch inferred for signal `\Cache.$mem2reg_rd$\tag_way1$code/src/cache.v:71$22_DATA' from process `\Cache.$proc$code/src/cache.v:1$476'.
No latch inferred for signal `\Cache.$mem2reg_rd$\valid_way1$code/src/cache.v:71$21_DATA' from process `\Cache.$proc$code/src/cache.v:1$473'.
No latch inferred for signal `\Cache.$mem2reg_rd$\tag_way0$code/src/cache.v:70$20_DATA' from process `\Cache.$proc$code/src/cache.v:1$470'.
No latch inferred for signal `\Cache.$mem2reg_rd$\valid_way0$code/src/cache.v:70$19_DATA' from process `\Cache.$proc$code/src/cache.v:1$467'.
No latch inferred for signal `\Cache.$mem2bits$\tag_way1$code/src/cache.v:112$2' from process `\Cache.$proc$code/src/cache.v:112$462'.
No latch inferred for signal `\Cache.$mem2reg_rd$\tag_way1$code/src/cache.v:112$67_ADDR' from process `\Cache.$proc$code/src/cache.v:112$462'.
No latch inferred for signal `\Cache.$mem2reg_rd$\tag_way1$code/src/cache.v:112$67_DATA' from process `\Cache.$proc$code/src/cache.v:112$462'.
No latch inferred for signal `\Cache.$mem2bits$\tag_way1$code/src/cache.v:106$1' from process `\Cache.$proc$code/src/cache.v:106$457'.
No latch inferred for signal `\Cache.$mem2reg_rd$\tag_way1$code/src/cache.v:106$66_ADDR' from process `\Cache.$proc$code/src/cache.v:106$457'.
No latch inferred for signal `\Cache.$mem2reg_rd$\tag_way1$code/src/cache.v:106$66_DATA' from process `\Cache.$proc$code/src/cache.v:106$457'.
No latch inferred for signal `\Cache.\o_mem_cen' from process `\Cache.$proc$code/src/cache.v:267$380'.
No latch inferred for signal `\Cache.\o_mem_wen' from process `\Cache.$proc$code/src/cache.v:267$380'.
No latch inferred for signal `\Cache.\o_mem_addr' from process `\Cache.$proc$code/src/cache.v:267$380'.
No latch inferred for signal `\Cache.\o_mem_wdata' from process `\Cache.$proc$code/src/cache.v:267$380'.
No latch inferred for signal `\Cache.$mem2reg_rd$\tag_way0$code/src/cache.v:290$58_ADDR' from process `\Cache.$proc$code/src/cache.v:267$380'.
No latch inferred for signal `\Cache.$mem2reg_rd$\tag_way0$code/src/cache.v:290$58_DATA' from process `\Cache.$proc$code/src/cache.v:267$380'.
No latch inferred for signal `\Cache.$mem2reg_rd$\data_way0$code/src/cache.v:291$59_ADDR' from process `\Cache.$proc$code/src/cache.v:267$380'.
No latch inferred for signal `\Cache.$mem2reg_rd$\data_way0$code/src/cache.v:291$59_DATA' from process `\Cache.$proc$code/src/cache.v:267$380'.
No latch inferred for signal `\Cache.$mem2reg_rd$\tag_way1$code/src/cache.v:293$60_ADDR' from process `\Cache.$proc$code/src/cache.v:267$380'.
No latch inferred for signal `\Cache.$mem2reg_rd$\tag_way1$code/src/cache.v:293$60_DATA' from process `\Cache.$proc$code/src/cache.v:267$380'.
No latch inferred for signal `\Cache.$mem2reg_rd$\data_way1$code/src/cache.v:294$61_ADDR' from process `\Cache.$proc$code/src/cache.v:267$380'.
No latch inferred for signal `\Cache.$mem2reg_rd$\data_way1$code/src/cache.v:294$61_DATA' from process `\Cache.$proc$code/src/cache.v:267$380'.
No latch inferred for signal `\Cache.$mem2reg_rd$\tag_way0$code/src/cache.v:299$62_ADDR' from process `\Cache.$proc$code/src/cache.v:267$380'.
No latch inferred for signal `\Cache.$mem2reg_rd$\tag_way0$code/src/cache.v:299$62_DATA' from process `\Cache.$proc$code/src/cache.v:267$380'.
No latch inferred for signal `\Cache.$mem2reg_rd$\data_way0$code/src/cache.v:300$63_ADDR' from process `\Cache.$proc$code/src/cache.v:267$380'.
No latch inferred for signal `\Cache.$mem2reg_rd$\data_way0$code/src/cache.v:300$63_DATA' from process `\Cache.$proc$code/src/cache.v:267$380'.
No latch inferred for signal `\Cache.$mem2reg_rd$\tag_way1$code/src/cache.v:302$64_ADDR' from process `\Cache.$proc$code/src/cache.v:267$380'.
No latch inferred for signal `\Cache.$mem2reg_rd$\tag_way1$code/src/cache.v:302$64_DATA' from process `\Cache.$proc$code/src/cache.v:267$380'.
No latch inferred for signal `\Cache.$mem2reg_rd$\data_way1$code/src/cache.v:303$65_ADDR' from process `\Cache.$proc$code/src/cache.v:267$380'.
No latch inferred for signal `\Cache.$mem2reg_rd$\data_way1$code/src/cache.v:303$65_DATA' from process `\Cache.$proc$code/src/cache.v:267$380'.
No latch inferred for signal `\Cache.\next_state' from process `\Cache.$proc$code/src/cache.v:134$117'.
No latch inferred for signal `\Cache.\victim_way' from process `\Cache.$proc$code/src/cache.v:99$84'.
No latch inferred for signal `\Cache.$mem2reg_rd$\valid_way0$code/src/cache.v:100$25_ADDR' from process `\Cache.$proc$code/src/cache.v:99$84'.
No latch inferred for signal `\Cache.$mem2reg_rd$\valid_way0$code/src/cache.v:100$25_DATA' from process `\Cache.$proc$code/src/cache.v:99$84'.
No latch inferred for signal `\Cache.$mem2reg_rd$\valid_way1$code/src/cache.v:101$26_ADDR' from process `\Cache.$proc$code/src/cache.v:99$84'.
No latch inferred for signal `\Cache.$mem2reg_rd$\valid_way1$code/src/cache.v:101$26_DATA' from process `\Cache.$proc$code/src/cache.v:99$84'.
No latch inferred for signal `\Cache.$mem2reg_rd$\lru_bit$code/src/cache.v:102$27_ADDR' from process `\Cache.$proc$code/src/cache.v:99$84'.
No latch inferred for signal `\Cache.$mem2reg_rd$\lru_bit$code/src/cache.v:102$27_DATA' from process `\Cache.$proc$code/src/cache.v:99$84'.

4.7. Executing PROC_DFF pass (convert process syncs to FFs).
Creating register for signal `\Cache.\i' using process `\Cache.$proc$code/src/cache.v:172$131'.
  created $adff cell `$procdff$9854' with positive edge clock and negative level reset.
Creating register for signal `\Cache.\state' using process `\Cache.$proc$code/src/cache.v:172$131'.
  created $adff cell `$procdff$9855' with positive edge clock and negative level reset.
Creating register for signal `\Cache.\draining' using process `\Cache.$proc$code/src/cache.v:172$131'.
  created $adff cell `$procdff$9856' with positive edge clock and negative level reset.
Creating register for signal `\Cache.\drain_index' using process `\Cache.$proc$code/src/cache.v:172$131'.
  created $adff cell `$procdff$9857' with positive edge clock and negative level reset.
Creating register for signal `\Cache.\drain_way' using process `\Cache.$proc$code/src/cache.v:172$131'.
  created $adff cell `$procdff$9858' with positive edge clock and negative level reset.
Creating register for signal `\Cache.\curr_dirty' using process `\Cache.$proc$code/src/cache.v:172$131'.
  created $dff cell `$procdff$9859' with positive edge clock.
Creating register for signal `\Cache.\valid_way0[0]' using process `\Cache.$proc$code/src/cache.v:172$131'.
  created $adff cell `$procdff$9860' with positive edge clock and negative level reset.
Creating register for signal `\Cache.\valid_way0[1]' using process `\Cache.$proc$code/src/cache.v:172$131'.
  created $adff cell `$procdff$9861' with positive edge clock and negative level reset.
Creating register for signal `\Cache.\valid_way0[2]' using process `\Cache.$proc$code/src/cache.v:172$131'.
  created $adff cell `$procdff$9862' with positive edge clock and negative level reset.
Creating register for signal `\Cache.\valid_way0[3]' using process `\Cache.$proc$code/src/cache.v:172$131'.
  created $adff cell `$procdff$9863' with positive edge clock and negative level reset.
Creating register for signal `\Cache.\valid_way0[4]' using process `\Cache.$proc$code/src/cache.v:172$131'.
  created $adff cell `$procdff$9864' with positive edge clock and negative level reset.
Creating register for signal `\Cache.\valid_way0[5]' using process `\Cache.$proc$code/src/cache.v:172$131'.
  created $adff cell `$procdff$9865' with positive edge clock and negative level reset.
Creating register for signal `\Cache.\valid_way0[6]' using process `\Cache.$proc$code/src/cache.v:172$131'.
  created $adff cell `$procdff$9866' with positive edge clock and negative level reset.
Creating register for signal `\Cache.\valid_way0[7]' using process `\Cache.$proc$code/src/cache.v:172$131'.
  created $adff cell `$procdff$9867' with positive edge clock and negative level reset.
Creating register for signal `\Cache.\valid_way0[8]' using process `\Cache.$proc$code/src/cache.v:172$131'.
  created $adff cell `$procdff$9868' with positive edge clock and negative level reset.
Creating register for signal `\Cache.\valid_way0[9]' using process `\Cache.$proc$code/src/cache.v:172$131'.
  created $adff cell `$procdff$9869' with positive edge clock and negative level reset.
Creating register for signal `\Cache.\valid_way0[10]' using process `\Cache.$proc$code/src/cache.v:172$131'.
  created $adff cell `$procdff$9870' with positive edge clock and negative level reset.
Creating register for signal `\Cache.\valid_way0[11]' using process `\Cache.$proc$code/src/cache.v:172$131'.
  created $adff cell `$procdff$9871' with positive edge clock and negative level reset.
Creating register for signal `\Cache.\valid_way0[12]' using process `\Cache.$proc$code/src/cache.v:172$131'.
  created $adff cell `$procdff$9872' with positive edge clock and negative level reset.
Creating register for signal `\Cache.\valid_way0[13]' using process `\Cache.$proc$code/src/cache.v:172$131'.
  created $adff cell `$procdff$9873' with positive edge clock and negative level reset.
Creating register for signal `\Cache.\valid_way0[14]' using process `\Cache.$proc$code/src/cache.v:172$131'.
  created $adff cell `$procdff$9874' with positive edge clock and negative level reset.
Creating register for signal `\Cache.\valid_way0[15]' using process `\Cache.$proc$code/src/cache.v:172$131'.
  created $adff cell `$procdff$9875' with positive edge clock and negative level reset.
Creating register for signal `\Cache.\dirty_way0[0]' using process `\Cache.$proc$code/src/cache.v:172$131'.
  created $adff cell `$procdff$9876' with positive edge clock and negative level reset.
Creating register for signal `\Cache.\dirty_way0[1]' using process `\Cache.$proc$code/src/cache.v:172$131'.
  created $adff cell `$procdff$9877' with positive edge clock and negative level reset.
Creating register for signal `\Cache.\dirty_way0[2]' using process `\Cache.$proc$code/src/cache.v:172$131'.
  created $adff cell `$procdff$9878' with positive edge clock and negative level reset.
Creating register for signal `\Cache.\dirty_way0[3]' using process `\Cache.$proc$code/src/cache.v:172$131'.
  created $adff cell `$procdff$9879' with positive edge clock and negative level reset.
Creating register for signal `\Cache.\dirty_way0[4]' using process `\Cache.$proc$code/src/cache.v:172$131'.
  created $adff cell `$procdff$9880' with positive edge clock and negative level reset.
Creating register for signal `\Cache.\dirty_way0[5]' using process `\Cache.$proc$code/src/cache.v:172$131'.
  created $adff cell `$procdff$9881' with positive edge clock and negative level reset.
Creating register for signal `\Cache.\dirty_way0[6]' using process `\Cache.$proc$code/src/cache.v:172$131'.
  created $adff cell `$procdff$9882' with positive edge clock and negative level reset.
Creating register for signal `\Cache.\dirty_way0[7]' using process `\Cache.$proc$code/src/cache.v:172$131'.
  created $adff cell `$procdff$9883' with positive edge clock and negative level reset.
Creating register for signal `\Cache.\dirty_way0[8]' using process `\Cache.$proc$code/src/cache.v:172$131'.
  created $adff cell `$procdff$9884' with positive edge clock and negative level reset.
Creating register for signal `\Cache.\dirty_way0[9]' using process `\Cache.$proc$code/src/cache.v:172$131'.
  created $adff cell `$procdff$9885' with positive edge clock and negative level reset.
Creating register for signal `\Cache.\dirty_way0[10]' using process `\Cache.$proc$code/src/cache.v:172$131'.
  created $adff cell `$procdff$9886' with positive edge clock and negative level reset.
Creating register for signal `\Cache.\dirty_way0[11]' using process `\Cache.$proc$code/src/cache.v:172$131'.
  created $adff cell `$procdff$9887' with positive edge clock and negative level reset.
Creating register for signal `\Cache.\dirty_way0[12]' using process `\Cache.$proc$code/src/cache.v:172$131'.
  created $adff cell `$procdff$9888' with positive edge clock and negative level reset.
Creating register for signal `\Cache.\dirty_way0[13]' using process `\Cache.$proc$code/src/cache.v:172$131'.
  created $adff cell `$procdff$9889' with positive edge clock and negative level reset.
Creating register for signal `\Cache.\dirty_way0[14]' using process `\Cache.$proc$code/src/cache.v:172$131'.
  created $adff cell `$procdff$9890' with positive edge clock and negative level reset.
Creating register for signal `\Cache.\dirty_way0[15]' using process `\Cache.$proc$code/src/cache.v:172$131'.
  created $adff cell `$procdff$9891' with positive edge clock and negative level reset.
Creating register for signal `\Cache.\valid_way1[0]' using process `\Cache.$proc$code/src/cache.v:172$131'.
  created $adff cell `$procdff$9892' with positive edge clock and negative level reset.
Creating register for signal `\Cache.\valid_way1[1]' using process `\Cache.$proc$code/src/cache.v:172$131'.
  created $adff cell `$procdff$9893' with positive edge clock and negative level reset.
Creating register for signal `\Cache.\valid_way1[2]' using process `\Cache.$proc$code/src/cache.v:172$131'.
  created $adff cell `$procdff$9894' with positive edge clock and negative level reset.
Creating register for signal `\Cache.\valid_way1[3]' using process `\Cache.$proc$code/src/cache.v:172$131'.
  created $adff cell `$procdff$9895' with positive edge clock and negative level reset.
Creating register for signal `\Cache.\valid_way1[4]' using process `\Cache.$proc$code/src/cache.v:172$131'.
  created $adff cell `$procdff$9896' with positive edge clock and negative level reset.
Creating register for signal `\Cache.\valid_way1[5]' using process `\Cache.$proc$code/src/cache.v:172$131'.
  created $adff cell `$procdff$9897' with positive edge clock and negative level reset.
Creating register for signal `\Cache.\valid_way1[6]' using process `\Cache.$proc$code/src/cache.v:172$131'.
  created $adff cell `$procdff$9898' with positive edge clock and negative level reset.
Creating register for signal `\Cache.\valid_way1[7]' using process `\Cache.$proc$code/src/cache.v:172$131'.
  created $adff cell `$procdff$9899' with positive edge clock and negative level reset.
Creating register for signal `\Cache.\valid_way1[8]' using process `\Cache.$proc$code/src/cache.v:172$131'.
  created $adff cell `$procdff$9900' with positive edge clock and negative level reset.
Creating register for signal `\Cache.\valid_way1[9]' using process `\Cache.$proc$code/src/cache.v:172$131'.
  created $adff cell `$procdff$9901' with positive edge clock and negative level reset.
Creating register for signal `\Cache.\valid_way1[10]' using process `\Cache.$proc$code/src/cache.v:172$131'.
  created $adff cell `$procdff$9902' with positive edge clock and negative level reset.
Creating register for signal `\Cache.\valid_way1[11]' using process `\Cache.$proc$code/src/cache.v:172$131'.
  created $adff cell `$procdff$9903' with positive edge clock and negative level reset.
Creating register for signal `\Cache.\valid_way1[12]' using process `\Cache.$proc$code/src/cache.v:172$131'.
  created $adff cell `$procdff$9904' with positive edge clock and negative level reset.
Creating register for signal `\Cache.\valid_way1[13]' using process `\Cache.$proc$code/src/cache.v:172$131'.
  created $adff cell `$procdff$9905' with positive edge clock and negative level reset.
Creating register for signal `\Cache.\valid_way1[14]' using process `\Cache.$proc$code/src/cache.v:172$131'.
  created $adff cell `$procdff$9906' with positive edge clock and negative level reset.
Creating register for signal `\Cache.\valid_way1[15]' using process `\Cache.$proc$code/src/cache.v:172$131'.
  created $adff cell `$procdff$9907' with positive edge clock and negative level reset.
Creating register for signal `\Cache.\dirty_way1[0]' using process `\Cache.$proc$code/src/cache.v:172$131'.
  created $adff cell `$procdff$9908' with positive edge clock and negative level reset.
Creating register for signal `\Cache.\dirty_way1[1]' using process `\Cache.$proc$code/src/cache.v:172$131'.
  created $adff cell `$procdff$9909' with positive edge clock and negative level reset.
Creating register for signal `\Cache.\dirty_way1[2]' using process `\Cache.$proc$code/src/cache.v:172$131'.
  created $adff cell `$procdff$9910' with positive edge clock and negative level reset.
Creating register for signal `\Cache.\dirty_way1[3]' using process `\Cache.$proc$code/src/cache.v:172$131'.
  created $adff cell `$procdff$9911' with positive edge clock and negative level reset.
Creating register for signal `\Cache.\dirty_way1[4]' using process `\Cache.$proc$code/src/cache.v:172$131'.
  created $adff cell `$procdff$9912' with positive edge clock and negative level reset.
Creating register for signal `\Cache.\dirty_way1[5]' using process `\Cache.$proc$code/src/cache.v:172$131'.
  created $adff cell `$procdff$9913' with positive edge clock and negative level reset.
Creating register for signal `\Cache.\dirty_way1[6]' using process `\Cache.$proc$code/src/cache.v:172$131'.
  created $adff cell `$procdff$9914' with positive edge clock and negative level reset.
Creating register for signal `\Cache.\dirty_way1[7]' using process `\Cache.$proc$code/src/cache.v:172$131'.
  created $adff cell `$procdff$9915' with positive edge clock and negative level reset.
Creating register for signal `\Cache.\dirty_way1[8]' using process `\Cache.$proc$code/src/cache.v:172$131'.
  created $adff cell `$procdff$9916' with positive edge clock and negative level reset.
Creating register for signal `\Cache.\dirty_way1[9]' using process `\Cache.$proc$code/src/cache.v:172$131'.
  created $adff cell `$procdff$9917' with positive edge clock and negative level reset.
Creating register for signal `\Cache.\dirty_way1[10]' using process `\Cache.$proc$code/src/cache.v:172$131'.
  created $adff cell `$procdff$9918' with positive edge clock and negative level reset.
Creating register for signal `\Cache.\dirty_way1[11]' using process `\Cache.$proc$code/src/cache.v:172$131'.
  created $adff cell `$procdff$9919' with positive edge clock and negative level reset.
Creating register for signal `\Cache.\dirty_way1[12]' using process `\Cache.$proc$code/src/cache.v:172$131'.
  created $adff cell `$procdff$9920' with positive edge clock and negative level reset.
Creating register for signal `\Cache.\dirty_way1[13]' using process `\Cache.$proc$code/src/cache.v:172$131'.
  created $adff cell `$procdff$9921' with positive edge clock and negative level reset.
Creating register for signal `\Cache.\dirty_way1[14]' using process `\Cache.$proc$code/src/cache.v:172$131'.
  created $adff cell `$procdff$9922' with positive edge clock and negative level reset.
Creating register for signal `\Cache.\dirty_way1[15]' using process `\Cache.$proc$code/src/cache.v:172$131'.
  created $adff cell `$procdff$9923' with positive edge clock and negative level reset.
Creating register for signal `\Cache.\lru_bit[0]' using process `\Cache.$proc$code/src/cache.v:172$131'.
  created $adff cell `$procdff$9924' with positive edge clock and negative level reset.
Creating register for signal `\Cache.\lru_bit[1]' using process `\Cache.$proc$code/src/cache.v:172$131'.
  created $adff cell `$procdff$9925' with positive edge clock and negative level reset.
Creating register for signal `\Cache.\lru_bit[2]' using process `\Cache.$proc$code/src/cache.v:172$131'.
  created $adff cell `$procdff$9926' with positive edge clock and negative level reset.
Creating register for signal `\Cache.\lru_bit[3]' using process `\Cache.$proc$code/src/cache.v:172$131'.
  created $adff cell `$procdff$9927' with positive edge clock and negative level reset.
Creating register for signal `\Cache.\lru_bit[4]' using process `\Cache.$proc$code/src/cache.v:172$131'.
  created $adff cell `$procdff$9928' with positive edge clock and negative level reset.
Creating register for signal `\Cache.\lru_bit[5]' using process `\Cache.$proc$code/src/cache.v:172$131'.
  created $adff cell `$procdff$9929' with positive edge clock and negative level reset.
Creating register for signal `\Cache.\lru_bit[6]' using process `\Cache.$proc$code/src/cache.v:172$131'.
  created $adff cell `$procdff$9930' with positive edge clock and negative level reset.
Creating register for signal `\Cache.\lru_bit[7]' using process `\Cache.$proc$code/src/cache.v:172$131'.
  created $adff cell `$procdff$9931' with positive edge clock and negative level reset.
Creating register for signal `\Cache.\lru_bit[8]' using process `\Cache.$proc$code/src/cache.v:172$131'.
  created $adff cell `$procdff$9932' with positive edge clock and negative level reset.
Creating register for signal `\Cache.\lru_bit[9]' using process `\Cache.$proc$code/src/cache.v:172$131'.
  created $adff cell `$procdff$9933' with positive edge clock and negative level reset.
Creating register for signal `\Cache.\lru_bit[10]' using process `\Cache.$proc$code/src/cache.v:172$131'.
  created $adff cell `$procdff$9934' with positive edge clock and negative level reset.
Creating register for signal `\Cache.\lru_bit[11]' using process `\Cache.$proc$code/src/cache.v:172$131'.
  created $adff cell `$procdff$9935' with positive edge clock and negative level reset.
Creating register for signal `\Cache.\lru_bit[12]' using process `\Cache.$proc$code/src/cache.v:172$131'.
  created $adff cell `$procdff$9936' with positive edge clock and negative level reset.
Creating register for signal `\Cache.\lru_bit[13]' using process `\Cache.$proc$code/src/cache.v:172$131'.
  created $adff cell `$procdff$9937' with positive edge clock and negative level reset.
Creating register for signal `\Cache.\lru_bit[14]' using process `\Cache.$proc$code/src/cache.v:172$131'.
  created $adff cell `$procdff$9938' with positive edge clock and negative level reset.
Creating register for signal `\Cache.\lru_bit[15]' using process `\Cache.$proc$code/src/cache.v:172$131'.
  created $adff cell `$procdff$9939' with positive edge clock and negative level reset.
Creating register for signal `\Cache.\data_way0[0]' using process `\Cache.$proc$code/src/cache.v:172$131'.
  created $dff cell `$procdff$9940' with positive edge clock.
Creating register for signal `\Cache.\data_way0[1]' using process `\Cache.$proc$code/src/cache.v:172$131'.
  created $dff cell `$procdff$9941' with positive edge clock.
Creating register for signal `\Cache.\data_way0[2]' using process `\Cache.$proc$code/src/cache.v:172$131'.
  created $dff cell `$procdff$9942' with positive edge clock.
Creating register for signal `\Cache.\data_way0[3]' using process `\Cache.$proc$code/src/cache.v:172$131'.
  created $dff cell `$procdff$9943' with positive edge clock.
Creating register for signal `\Cache.\data_way0[4]' using process `\Cache.$proc$code/src/cache.v:172$131'.
  created $dff cell `$procdff$9944' with positive edge clock.
Creating register for signal `\Cache.\data_way0[5]' using process `\Cache.$proc$code/src/cache.v:172$131'.
  created $dff cell `$procdff$9945' with positive edge clock.
Creating register for signal `\Cache.\data_way0[6]' using process `\Cache.$proc$code/src/cache.v:172$131'.
  created $dff cell `$procdff$9946' with positive edge clock.
Creating register for signal `\Cache.\data_way0[7]' using process `\Cache.$proc$code/src/cache.v:172$131'.
  created $dff cell `$procdff$9947' with positive edge clock.
Creating register for signal `\Cache.\data_way0[8]' using process `\Cache.$proc$code/src/cache.v:172$131'.
  created $dff cell `$procdff$9948' with positive edge clock.
Creating register for signal `\Cache.\data_way0[9]' using process `\Cache.$proc$code/src/cache.v:172$131'.
  created $dff cell `$procdff$9949' with positive edge clock.
Creating register for signal `\Cache.\data_way0[10]' using process `\Cache.$proc$code/src/cache.v:172$131'.
  created $dff cell `$procdff$9950' with positive edge clock.
Creating register for signal `\Cache.\data_way0[11]' using process `\Cache.$proc$code/src/cache.v:172$131'.
  created $dff cell `$procdff$9951' with positive edge clock.
Creating register for signal `\Cache.\data_way0[12]' using process `\Cache.$proc$code/src/cache.v:172$131'.
  created $dff cell `$procdff$9952' with positive edge clock.
Creating register for signal `\Cache.\data_way0[13]' using process `\Cache.$proc$code/src/cache.v:172$131'.
  created $dff cell `$procdff$9953' with positive edge clock.
Creating register for signal `\Cache.\data_way0[14]' using process `\Cache.$proc$code/src/cache.v:172$131'.
  created $dff cell `$procdff$9954' with positive edge clock.
Creating register for signal `\Cache.\data_way0[15]' using process `\Cache.$proc$code/src/cache.v:172$131'.
  created $dff cell `$procdff$9955' with positive edge clock.
Creating register for signal `\Cache.\data_way1[0]' using process `\Cache.$proc$code/src/cache.v:172$131'.
  created $dff cell `$procdff$9956' with positive edge clock.
Creating register for signal `\Cache.\data_way1[1]' using process `\Cache.$proc$code/src/cache.v:172$131'.
  created $dff cell `$procdff$9957' with positive edge clock.
Creating register for signal `\Cache.\data_way1[2]' using process `\Cache.$proc$code/src/cache.v:172$131'.
  created $dff cell `$procdff$9958' with positive edge clock.
Creating register for signal `\Cache.\data_way1[3]' using process `\Cache.$proc$code/src/cache.v:172$131'.
  created $dff cell `$procdff$9959' with positive edge clock.
Creating register for signal `\Cache.\data_way1[4]' using process `\Cache.$proc$code/src/cache.v:172$131'.
  created $dff cell `$procdff$9960' with positive edge clock.
Creating register for signal `\Cache.\data_way1[5]' using process `\Cache.$proc$code/src/cache.v:172$131'.
  created $dff cell `$procdff$9961' with positive edge clock.
Creating register for signal `\Cache.\data_way1[6]' using process `\Cache.$proc$code/src/cache.v:172$131'.
  created $dff cell `$procdff$9962' with positive edge clock.
Creating register for signal `\Cache.\data_way1[7]' using process `\Cache.$proc$code/src/cache.v:172$131'.
  created $dff cell `$procdff$9963' with positive edge clock.
Creating register for signal `\Cache.\data_way1[8]' using process `\Cache.$proc$code/src/cache.v:172$131'.
  created $dff cell `$procdff$9964' with positive edge clock.
Creating register for signal `\Cache.\data_way1[9]' using process `\Cache.$proc$code/src/cache.v:172$131'.
  created $dff cell `$procdff$9965' with positive edge clock.
Creating register for signal `\Cache.\data_way1[10]' using process `\Cache.$proc$code/src/cache.v:172$131'.
  created $dff cell `$procdff$9966' with positive edge clock.
Creating register for signal `\Cache.\data_way1[11]' using process `\Cache.$proc$code/src/cache.v:172$131'.
  created $dff cell `$procdff$9967' with positive edge clock.
Creating register for signal `\Cache.\data_way1[12]' using process `\Cache.$proc$code/src/cache.v:172$131'.
  created $dff cell `$procdff$9968' with positive edge clock.
Creating register for signal `\Cache.\data_way1[13]' using process `\Cache.$proc$code/src/cache.v:172$131'.
  created $dff cell `$procdff$9969' with positive edge clock.
Creating register for signal `\Cache.\data_way1[14]' using process `\Cache.$proc$code/src/cache.v:172$131'.
  created $dff cell `$procdff$9970' with positive edge clock.
Creating register for signal `\Cache.\data_way1[15]' using process `\Cache.$proc$code/src/cache.v:172$131'.
  created $dff cell `$procdff$9971' with positive edge clock.
Creating register for signal `\Cache.\tag_way0[0]' using process `\Cache.$proc$code/src/cache.v:172$131'.
  created $dff cell `$procdff$9972' with positive edge clock.
Creating register for signal `\Cache.\tag_way0[1]' using process `\Cache.$proc$code/src/cache.v:172$131'.
  created $dff cell `$procdff$9973' with positive edge clock.
Creating register for signal `\Cache.\tag_way0[2]' using process `\Cache.$proc$code/src/cache.v:172$131'.
  created $dff cell `$procdff$9974' with positive edge clock.
Creating register for signal `\Cache.\tag_way0[3]' using process `\Cache.$proc$code/src/cache.v:172$131'.
  created $dff cell `$procdff$9975' with positive edge clock.
Creating register for signal `\Cache.\tag_way0[4]' using process `\Cache.$proc$code/src/cache.v:172$131'.
  created $dff cell `$procdff$9976' with positive edge clock.
Creating register for signal `\Cache.\tag_way0[5]' using process `\Cache.$proc$code/src/cache.v:172$131'.
  created $dff cell `$procdff$9977' with positive edge clock.
Creating register for signal `\Cache.\tag_way0[6]' using process `\Cache.$proc$code/src/cache.v:172$131'.
  created $dff cell `$procdff$9978' with positive edge clock.
Creating register for signal `\Cache.\tag_way0[7]' using process `\Cache.$proc$code/src/cache.v:172$131'.
  created $dff cell `$procdff$9979' with positive edge clock.
Creating register for signal `\Cache.\tag_way0[8]' using process `\Cache.$proc$code/src/cache.v:172$131'.
  created $dff cell `$procdff$9980' with positive edge clock.
Creating register for signal `\Cache.\tag_way0[9]' using process `\Cache.$proc$code/src/cache.v:172$131'.
  created $dff cell `$procdff$9981' with positive edge clock.
Creating register for signal `\Cache.\tag_way0[10]' using process `\Cache.$proc$code/src/cache.v:172$131'.
  created $dff cell `$procdff$9982' with positive edge clock.
Creating register for signal `\Cache.\tag_way0[11]' using process `\Cache.$proc$code/src/cache.v:172$131'.
  created $dff cell `$procdff$9983' with positive edge clock.
Creating register for signal `\Cache.\tag_way0[12]' using process `\Cache.$proc$code/src/cache.v:172$131'.
  created $dff cell `$procdff$9984' with positive edge clock.
Creating register for signal `\Cache.\tag_way0[13]' using process `\Cache.$proc$code/src/cache.v:172$131'.
  created $dff cell `$procdff$9985' with positive edge clock.
Creating register for signal `\Cache.\tag_way0[14]' using process `\Cache.$proc$code/src/cache.v:172$131'.
  created $dff cell `$procdff$9986' with positive edge clock.
Creating register for signal `\Cache.\tag_way0[15]' using process `\Cache.$proc$code/src/cache.v:172$131'.
  created $dff cell `$procdff$9987' with positive edge clock.
Creating register for signal `\Cache.\tag_way1[0]' using process `\Cache.$proc$code/src/cache.v:172$131'.
  created $dff cell `$procdff$9988' with positive edge clock.
Creating register for signal `\Cache.\tag_way1[1]' using process `\Cache.$proc$code/src/cache.v:172$131'.
  created $dff cell `$procdff$9989' with positive edge clock.
Creating register for signal `\Cache.\tag_way1[2]' using process `\Cache.$proc$code/src/cache.v:172$131'.
  created $dff cell `$procdff$9990' with positive edge clock.
Creating register for signal `\Cache.\tag_way1[3]' using process `\Cache.$proc$code/src/cache.v:172$131'.
  created $dff cell `$procdff$9991' with positive edge clock.
Creating register for signal `\Cache.\tag_way1[4]' using process `\Cache.$proc$code/src/cache.v:172$131'.
  created $dff cell `$procdff$9992' with positive edge clock.
Creating register for signal `\Cache.\tag_way1[5]' using process `\Cache.$proc$code/src/cache.v:172$131'.
  created $dff cell `$procdff$9993' with positive edge clock.
Creating register for signal `\Cache.\tag_way1[6]' using process `\Cache.$proc$code/src/cache.v:172$131'.
  created $dff cell `$procdff$9994' with positive edge clock.
Creating register for signal `\Cache.\tag_way1[7]' using process `\Cache.$proc$code/src/cache.v:172$131'.
  created $dff cell `$procdff$9995' with positive edge clock.
Creating register for signal `\Cache.\tag_way1[8]' using process `\Cache.$proc$code/src/cache.v:172$131'.
  created $dff cell `$procdff$9996' with positive edge clock.
Creating register for signal `\Cache.\tag_way1[9]' using process `\Cache.$proc$code/src/cache.v:172$131'.
  created $dff cell `$procdff$9997' with positive edge clock.
Creating register for signal `\Cache.\tag_way1[10]' using process `\Cache.$proc$code/src/cache.v:172$131'.
  created $dff cell `$procdff$9998' with positive edge clock.
Creating register for signal `\Cache.\tag_way1[11]' using process `\Cache.$proc$code/src/cache.v:172$131'.
  created $dff cell `$procdff$9999' with positive edge clock.
Creating register for signal `\Cache.\tag_way1[12]' using process `\Cache.$proc$code/src/cache.v:172$131'.
  created $dff cell `$procdff$10000' with positive edge clock.
Creating register for signal `\Cache.\tag_way1[13]' using process `\Cache.$proc$code/src/cache.v:172$131'.
  created $dff cell `$procdff$10001' with positive edge clock.
Creating register for signal `\Cache.\tag_way1[14]' using process `\Cache.$proc$code/src/cache.v:172$131'.
  created $dff cell `$procdff$10002' with positive edge clock.
Creating register for signal `\Cache.\tag_way1[15]' using process `\Cache.$proc$code/src/cache.v:172$131'.
  created $dff cell `$procdff$10003' with positive edge clock.
Creating register for signal `\Cache.$mem2reg_rd$\dirty_way0$code/src/cache.v:197$32_ADDR' using process `\Cache.$proc$code/src/cache.v:172$131'.
  created $adff cell `$procdff$10004' with positive edge clock and negative level reset.
Creating register for signal `\Cache.$mem2reg_rd$\dirty_way0$code/src/cache.v:197$32_DATA' using process `\Cache.$proc$code/src/cache.v:172$131'.
  created $adff cell `$procdff$10005' with positive edge clock and negative level reset.
Creating register for signal `\Cache.$mem2reg_rd$\dirty_way1$code/src/cache.v:198$33_ADDR' using process `\Cache.$proc$code/src/cache.v:172$131'.
  created $adff cell `$procdff$10006' with positive edge clock and negative level reset.
Creating register for signal `\Cache.$mem2reg_rd$\dirty_way1$code/src/cache.v:198$33_DATA' using process `\Cache.$proc$code/src/cache.v:172$131'.
  created $adff cell `$procdff$10007' with positive edge clock and negative level reset.
Creating register for signal `\Cache.$mem2reg_wr$\dirty_way0$code/src/cache.v:215$34_ADDR' using process `\Cache.$proc$code/src/cache.v:172$131'.
  created $adff cell `$procdff$10008' with positive edge clock and negative level reset.
Creating register for signal `\Cache.$mem2reg_wr$\dirty_way0$code/src/cache.v:215$34_DATA' using process `\Cache.$proc$code/src/cache.v:172$131'.
  created $adff cell `$procdff$10009' with positive edge clock and negative level reset.
Creating register for signal `\Cache.$mem2reg_wr$\lru_bit$code/src/cache.v:216$35_ADDR' using process `\Cache.$proc$code/src/cache.v:172$131'.
  created $adff cell `$procdff$10010' with positive edge clock and negative level reset.
Creating register for signal `\Cache.$mem2reg_wr$\lru_bit$code/src/cache.v:216$35_DATA' using process `\Cache.$proc$code/src/cache.v:172$131'.
  created $adff cell `$procdff$10011' with positive edge clock and negative level reset.
Creating register for signal `\Cache.$mem2reg_wr$\data_way0$code/src/cache.v:218$36_ADDR' using process `\Cache.$proc$code/src/cache.v:172$131'.
  created $adff cell `$procdff$10012' with positive edge clock and negative level reset.
Creating register for signal `\Cache.$mem2reg_wr$\data_way0$code/src/cache.v:218$36_DATA' using process `\Cache.$proc$code/src/cache.v:172$131'.
  created $adff cell `$procdff$10013' with positive edge clock and negative level reset.
Creating register for signal `\Cache.$mem2reg_wr$\data_way0$code/src/cache.v:219$37_ADDR' using process `\Cache.$proc$code/src/cache.v:172$131'.
  created $adff cell `$procdff$10014' with positive edge clock and negative level reset.
Creating register for signal `\Cache.$mem2reg_wr$\data_way0$code/src/cache.v:219$37_DATA' using process `\Cache.$proc$code/src/cache.v:172$131'.
  created $adff cell `$procdff$10015' with positive edge clock and negative level reset.
Creating register for signal `\Cache.$mem2reg_wr$\data_way0$code/src/cache.v:220$38_ADDR' using process `\Cache.$proc$code/src/cache.v:172$131'.
  created $adff cell `$procdff$10016' with positive edge clock and negative level reset.
Creating register for signal `\Cache.$mem2reg_wr$\data_way0$code/src/cache.v:220$38_DATA' using process `\Cache.$proc$code/src/cache.v:172$131'.
  created $adff cell `$procdff$10017' with positive edge clock and negative level reset.
Creating register for signal `\Cache.$mem2reg_wr$\data_way0$code/src/cache.v:221$39_ADDR' using process `\Cache.$proc$code/src/cache.v:172$131'.
  created $adff cell `$procdff$10018' with positive edge clock and negative level reset.
Creating register for signal `\Cache.$mem2reg_wr$\data_way0$code/src/cache.v:221$39_DATA' using process `\Cache.$proc$code/src/cache.v:172$131'.
  created $adff cell `$procdff$10019' with positive edge clock and negative level reset.
Creating register for signal `\Cache.$mem2reg_wr$\dirty_way1$code/src/cache.v:224$40_ADDR' using process `\Cache.$proc$code/src/cache.v:172$131'.
  created $adff cell `$procdff$10020' with positive edge clock and negative level reset.
Creating register for signal `\Cache.$mem2reg_wr$\dirty_way1$code/src/cache.v:224$40_DATA' using process `\Cache.$proc$code/src/cache.v:172$131'.
  created $adff cell `$procdff$10021' with positive edge clock and negative level reset.
Creating register for signal `\Cache.$mem2reg_wr$\lru_bit$code/src/cache.v:225$41_ADDR' using process `\Cache.$proc$code/src/cache.v:172$131'.
  created $adff cell `$procdff$10022' with positive edge clock and negative level reset.
Creating register for signal `\Cache.$mem2reg_wr$\lru_bit$code/src/cache.v:225$41_DATA' using process `\Cache.$proc$code/src/cache.v:172$131'.
  created $adff cell `$procdff$10023' with positive edge clock and negative level reset.
Creating register for signal `\Cache.$mem2reg_wr$\data_way1$code/src/cache.v:227$42_ADDR' using process `\Cache.$proc$code/src/cache.v:172$131'.
  created $adff cell `$procdff$10024' with positive edge clock and negative level reset.
Creating register for signal `\Cache.$mem2reg_wr$\data_way1$code/src/cache.v:227$42_DATA' using process `\Cache.$proc$code/src/cache.v:172$131'.
  created $adff cell `$procdff$10025' with positive edge clock and negative level reset.
Creating register for signal `\Cache.$mem2reg_wr$\data_way1$code/src/cache.v:228$43_ADDR' using process `\Cache.$proc$code/src/cache.v:172$131'.
  created $adff cell `$procdff$10026' with positive edge clock and negative level reset.
Creating register for signal `\Cache.$mem2reg_wr$\data_way1$code/src/cache.v:228$43_DATA' using process `\Cache.$proc$code/src/cache.v:172$131'.
  created $adff cell `$procdff$10027' with positive edge clock and negative level reset.
Creating register for signal `\Cache.$mem2reg_wr$\data_way1$code/src/cache.v:229$44_ADDR' using process `\Cache.$proc$code/src/cache.v:172$131'.
  created $adff cell `$procdff$10028' with positive edge clock and negative level reset.
Creating register for signal `\Cache.$mem2reg_wr$\data_way1$code/src/cache.v:229$44_DATA' using process `\Cache.$proc$code/src/cache.v:172$131'.
  created $adff cell `$procdff$10029' with positive edge clock and negative level reset.
Creating register for signal `\Cache.$mem2reg_wr$\data_way1$code/src/cache.v:230$45_ADDR' using process `\Cache.$proc$code/src/cache.v:172$131'.
  created $adff cell `$procdff$10030' with positive edge clock and negative level reset.
Creating register for signal `\Cache.$mem2reg_wr$\data_way1$code/src/cache.v:230$45_DATA' using process `\Cache.$proc$code/src/cache.v:172$131'.
  created $adff cell `$procdff$10031' with positive edge clock and negative level reset.
Creating register for signal `\Cache.$mem2reg_wr$\valid_way0$code/src/cache.v:240$46_ADDR' using process `\Cache.$proc$code/src/cache.v:172$131'.
  created $adff cell `$procdff$10032' with positive edge clock and negative level reset.
Creating register for signal `\Cache.$mem2reg_wr$\valid_way0$code/src/cache.v:240$46_DATA' using process `\Cache.$proc$code/src/cache.v:172$131'.
  created $adff cell `$procdff$10033' with positive edge clock and negative level reset.
Creating register for signal `\Cache.$mem2reg_wr$\dirty_way0$code/src/cache.v:241$47_ADDR' using process `\Cache.$proc$code/src/cache.v:172$131'.
  created $adff cell `$procdff$10034' with positive edge clock and negative level reset.
Creating register for signal `\Cache.$mem2reg_wr$\dirty_way0$code/src/cache.v:241$47_DATA' using process `\Cache.$proc$code/src/cache.v:172$131'.
  created $adff cell `$procdff$10035' with positive edge clock and negative level reset.
Creating register for signal `\Cache.$mem2reg_wr$\tag_way0$code/src/cache.v:242$48_ADDR' using process `\Cache.$proc$code/src/cache.v:172$131'.
  created $adff cell `$procdff$10036' with positive edge clock and negative level reset.
Creating register for signal `\Cache.$mem2reg_wr$\tag_way0$code/src/cache.v:242$48_DATA' using process `\Cache.$proc$code/src/cache.v:172$131'.
  created $adff cell `$procdff$10037' with positive edge clock and negative level reset.
Creating register for signal `\Cache.$mem2reg_wr$\data_way0$code/src/cache.v:243$49_ADDR' using process `\Cache.$proc$code/src/cache.v:172$131'.
  created $adff cell `$procdff$10038' with positive edge clock and negative level reset.
Creating register for signal `\Cache.$mem2reg_wr$\data_way0$code/src/cache.v:243$49_DATA' using process `\Cache.$proc$code/src/cache.v:172$131'.
  created $adff cell `$procdff$10039' with positive edge clock and negative level reset.
Creating register for signal `\Cache.$mem2reg_wr$\lru_bit$code/src/cache.v:244$50_ADDR' using process `\Cache.$proc$code/src/cache.v:172$131'.
  created $adff cell `$procdff$10040' with positive edge clock and negative level reset.
Creating register for signal `\Cache.$mem2reg_wr$\lru_bit$code/src/cache.v:244$50_DATA' using process `\Cache.$proc$code/src/cache.v:172$131'.
  created $adff cell `$procdff$10041' with positive edge clock and negative level reset.
Creating register for signal `\Cache.$mem2reg_wr$\valid_way1$code/src/cache.v:246$51_ADDR' using process `\Cache.$proc$code/src/cache.v:172$131'.
  created $adff cell `$procdff$10042' with positive edge clock and negative level reset.
Creating register for signal `\Cache.$mem2reg_wr$\valid_way1$code/src/cache.v:246$51_DATA' using process `\Cache.$proc$code/src/cache.v:172$131'.
  created $adff cell `$procdff$10043' with positive edge clock and negative level reset.
Creating register for signal `\Cache.$mem2reg_wr$\dirty_way1$code/src/cache.v:247$52_ADDR' using process `\Cache.$proc$code/src/cache.v:172$131'.
  created $adff cell `$procdff$10044' with positive edge clock and negative level reset.
Creating register for signal `\Cache.$mem2reg_wr$\dirty_way1$code/src/cache.v:247$52_DATA' using process `\Cache.$proc$code/src/cache.v:172$131'.
  created $adff cell `$procdff$10045' with positive edge clock and negative level reset.
Creating register for signal `\Cache.$mem2reg_wr$\tag_way1$code/src/cache.v:248$53_ADDR' using process `\Cache.$proc$code/src/cache.v:172$131'.
  created $adff cell `$procdff$10046' with positive edge clock and negative level reset.
Creating register for signal `\Cache.$mem2reg_wr$\tag_way1$code/src/cache.v:248$53_DATA' using process `\Cache.$proc$code/src/cache.v:172$131'.
  created $adff cell `$procdff$10047' with positive edge clock and negative level reset.
Creating register for signal `\Cache.$mem2reg_wr$\data_way1$code/src/cache.v:249$54_ADDR' using process `\Cache.$proc$code/src/cache.v:172$131'.
  created $adff cell `$procdff$10048' with positive edge clock and negative level reset.
Creating register for signal `\Cache.$mem2reg_wr$\data_way1$code/src/cache.v:249$54_DATA' using process `\Cache.$proc$code/src/cache.v:172$131'.
  created $adff cell `$procdff$10049' with positive edge clock and negative level reset.
Creating register for signal `\Cache.$mem2reg_wr$\lru_bit$code/src/cache.v:250$55_ADDR' using process `\Cache.$proc$code/src/cache.v:172$131'.
  created $adff cell `$procdff$10050' with positive edge clock and negative level reset.
Creating register for signal `\Cache.$mem2reg_wr$\lru_bit$code/src/cache.v:250$55_DATA' using process `\Cache.$proc$code/src/cache.v:172$131'.
  created $adff cell `$procdff$10051' with positive edge clock and negative level reset.
Creating register for signal `\Cache.$mem2reg_wr$\dirty_way0$code/src/cache.v:258$56_ADDR' using process `\Cache.$proc$code/src/cache.v:172$131'.
  created $adff cell `$procdff$10052' with positive edge clock and negative level reset.
Creating register for signal `\Cache.$mem2reg_wr$\dirty_way0$code/src/cache.v:258$56_DATA' using process `\Cache.$proc$code/src/cache.v:172$131'.
  created $adff cell `$procdff$10053' with positive edge clock and negative level reset.
Creating register for signal `\Cache.$mem2reg_wr$\dirty_way1$code/src/cache.v:259$57_ADDR' using process `\Cache.$proc$code/src/cache.v:172$131'.
  created $adff cell `$procdff$10054' with positive edge clock and negative level reset.
Creating register for signal `\Cache.$mem2reg_wr$\dirty_way1$code/src/cache.v:259$57_DATA' using process `\Cache.$proc$code/src/cache.v:172$131'.
  created $adff cell `$procdff$10055' with positive edge clock and negative level reset.

4.8. Executing PROC_CLEAN pass (remove empty switches from decision trees).
Found and cleaned up 1 empty switch in `\Cache.$proc$code/src/cache.v:1$494'.
Removing empty process `Cache.$proc$code/src/cache.v:1$494'.
Found and cleaned up 1 empty switch in `\Cache.$proc$code/src/cache.v:1$491'.
Removing empty process `Cache.$proc$code/src/cache.v:1$491'.
Found and cleaned up 1 empty switch in `\Cache.$proc$code/src/cache.v:1$488'.
Removing empty process `Cache.$proc$code/src/cache.v:1$488'.
Found and cleaned up 1 empty switch in `\Cache.$proc$code/src/cache.v:1$485'.
Removing empty process `Cache.$proc$code/src/cache.v:1$485'.
Found and cleaned up 1 empty switch in `\Cache.$proc$code/src/cache.v:1$482'.
Removing empty process `Cache.$proc$code/src/cache.v:1$482'.
Found and cleaned up 1 empty switch in `\Cache.$proc$code/src/cache.v:1$479'.
Removing empty process `Cache.$proc$code/src/cache.v:1$479'.
Found and cleaned up 1 empty switch in `\Cache.$proc$code/src/cache.v:1$476'.
Removing empty process `Cache.$proc$code/src/cache.v:1$476'.
Found and cleaned up 1 empty switch in `\Cache.$proc$code/src/cache.v:1$473'.
Removing empty process `Cache.$proc$code/src/cache.v:1$473'.
Found and cleaned up 1 empty switch in `\Cache.$proc$code/src/cache.v:1$470'.
Removing empty process `Cache.$proc$code/src/cache.v:1$470'.
Found and cleaned up 1 empty switch in `\Cache.$proc$code/src/cache.v:1$467'.
Removing empty process `Cache.$proc$code/src/cache.v:1$467'.
Found and cleaned up 1 empty switch in `\Cache.$proc$code/src/cache.v:112$462'.
Removing empty process `Cache.$proc$code/src/cache.v:112$462'.
Found and cleaned up 1 empty switch in `\Cache.$proc$code/src/cache.v:106$457'.
Removing empty process `Cache.$proc$code/src/cache.v:106$457'.
Found and cleaned up 13 empty switches in `\Cache.$proc$code/src/cache.v:267$380'.
Removing empty process `Cache.$proc$code/src/cache.v:267$380'.
Found and cleaned up 40 empty switches in `\Cache.$proc$code/src/cache.v:172$131'.
Removing empty process `Cache.$proc$code/src/cache.v:172$131'.
Found and cleaned up 7 empty switches in `\Cache.$proc$code/src/cache.v:134$117'.
Removing empty process `Cache.$proc$code/src/cache.v:134$117'.
Found and cleaned up 5 empty switches in `\Cache.$proc$code/src/cache.v:99$84'.
Removing empty process `Cache.$proc$code/src/cache.v:99$84'.
Cleaned up 77 empty switches.

5. Executing OPT_CLEAN pass (remove unused cells and wires).
Finding unused cells or wires in module \Cache..
Removed 476 unused cells and 2364 unused wires.
<suppressed ~479 debug messages>

6. Executing FSM pass (extract and optimize FSM).

6.1. Executing FSM_DETECT pass (finding FSMs in design).
Not marking Cache.state as FSM state register:
    Circuit seems to be self-resetting.

6.2. Executing FSM_EXTRACT pass (extracting FSM from design).

6.3. Executing FSM_OPT pass (simple optimizations of FSMs).

6.4. Executing OPT_CLEAN pass (remove unused cells and wires).
Finding unused cells or wires in module \Cache..

6.5. Executing FSM_OPT pass (simple optimizations of FSMs).

6.6. Executing FSM_RECODE pass (re-assigning FSM state encoding).

6.7. Executing FSM_INFO pass (dumping all available information on FSM cells).

6.8. Executing FSM_MAP pass (mapping FSMs to basic logic).

7. Executing OPT_CLEAN pass (remove unused cells and wires).
Finding unused cells or wires in module \Cache..

8. Executing TECHMAP pass (map to technology primitives).

8.1. Executing Verilog-2005 frontend: <techmap.v>
Parsing Verilog input from `<techmap.v>' to AST representation.
Generating RTLIL representation for module `\_90_simplemap_bool_ops'.
Generating RTLIL representation for module `\_90_simplemap_reduce_ops'.
Generating RTLIL representation for module `\_90_simplemap_logic_ops'.
Generating RTLIL representation for module `\_90_simplemap_compare_ops'.
Generating RTLIL representation for module `\_90_simplemap_various'.
Generating RTLIL representation for module `\_90_simplemap_registers'.
Generating RTLIL representation for module `\_90_shift_ops_shr_shl_sshl_sshr'.
Generating RTLIL representation for module `\_90_shift_shiftx'.
Generating RTLIL representation for module `\_90_fa'.
Generating RTLIL representation for module `\_90_lcu'.
Generating RTLIL representation for module `\_90_alu'.
Generating RTLIL representation for module `\_90_macc'.
Generating RTLIL representation for module `\_90_alumacc'.
Generating RTLIL representation for module `\$__div_mod_u'.
Generating RTLIL representation for module `\$__div_mod'.
Generating RTLIL representation for module `\_90_div'.
Generating RTLIL representation for module `\_90_mod'.
Generating RTLIL representation for module `\_90_pow'.
Generating RTLIL representation for module `\_90_pmux'.
Generating RTLIL representation for module `\_90_lut'.
Successfully finished Verilog frontend.

8.2. Continuing TECHMAP pass.
Using extmapper simplemap for cells of type $eq.
Using extmapper simplemap for cells of type $xor.
Using extmapper simplemap for cells of type $logic_and.
Using extmapper simplemap for cells of type $or.
Using extmapper simplemap for cells of type $mux.
Using extmapper simplemap for cells of type $logic_not.
Running "alumacc" on wrapper $extern:wrap:$lt:A_SIGNED=0:A_WIDTH=32:B_SIGNED=0:B_WIDTH=32:Y_WIDTH=1:394426c56d1a028ba8fdd5469b163e04011def47.
Using template $extern:wrap:$lt:A_SIGNED=0:A_WIDTH=32:B_SIGNED=0:B_WIDTH=32:Y_WIDTH=1:394426c56d1a028ba8fdd5469b163e04011def47 for cells of type $extern:wrap:$lt:A_SIGNED=0:A_WIDTH=32:B_SIGNED=0:B_WIDTH=32:Y_WIDTH=1:394426c56d1a028ba8fdd5469b163e04011def47.
Using template $paramod$constmap:03fcfeac6a018e43d01ce1e628fcb1a4450716f4$paramod$080135d2fae3865d13ade9db3a64b283fa3a2b38\_90_shift_ops_shr_shl_sshl_sshr for cells of type $shl.
Analyzing pattern of constant bits for this cell:
  Constant input on bit 0 of port B: 1'0
  Constant input on bit 1 of port B: 1'0
  Constant input on bit 2 of port B: 1'0
  Constant input on bit 3 of port B: 1'0
  Constant input on bit 4 of port B: 1'0
  Constant input on bit 5 of port B: 1'0
  Constant input on bit 6 of port B: 1'1
  Constant input on bit 7 of port B: 1'0
  Constant input on bit 8 of port B: 1'0
  Constant input on bit 9 of port B: 1'0
  Constant input on bit 10 of port B: 1'0
  Constant input on bit 11 of port B: 1'0
  Constant input on bit 12 of port B: 1'0
  Constant input on bit 13 of port B: 1'0
  Constant input on bit 14 of port B: 1'0
  Constant input on bit 15 of port B: 1'0
  Constant input on bit 16 of port B: 1'0
  Constant input on bit 17 of port B: 1'0
  Constant input on bit 18 of port B: 1'0
  Constant input on bit 19 of port B: 1'0
  Constant input on bit 20 of port B: 1'0
  Constant input on bit 21 of port B: 1'0
  Constant input on bit 22 of port B: 1'0
  Constant input on bit 23 of port B: 1'0
  Constant input on bit 24 of port B: 1'0
  Constant input on bit 25 of port B: 1'0
  Constant input on bit 26 of port B: 1'0
  Constant input on bit 27 of port B: 1'0
  Constant input on bit 28 of port B: 1'0
  Constant input on bit 29 of port B: 1'0
  Constant input on bit 30 of port B: 1'0
  Constant input on bit 31 of port B: 1'0
Creating constmapped module `$paramod$constmap:da7a53077f6b0f066a88f6bea962a90307e853fe$paramod$080135d2fae3865d13ade9db3a64b283fa3a2b38\_90_shift_ops_shr_shl_sshl_sshr'.

8.10. Executing OPT_MUXTREE pass (detect dead branches in mux trees).
Running muxtree optimizer on module $paramod$constmap:da7a53077f6b0f066a88f6bea962a90307e853fe$paramod$080135d2fae3865d13ade9db3a64b283fa3a2b38\_90_shift_ops_shr_shl_sshl_sshr..
  Creating internal representation of mux trees.
  No muxes found in this module.
Removed 0 multiplexer ports.
<suppressed ~2393 debug messages>

8.11. Executing OPT_EXPR pass (perform const folding).
Optimizing module $paramod$constmap:da7a53077f6b0f066a88f6bea962a90307e853fe$paramod$080135d2fae3865d13ade9db3a64b283fa3a2b38\_90_shift_ops_shr_shl_sshl_sshr.
<suppressed ~2200 debug messages>
Removed 0 unused cells and 27 unused wires.
Using template $paramod$constmap:da7a53077f6b0f066a88f6bea962a90307e853fe$paramod$080135d2fae3865d13ade9db3a64b283fa3a2b38\_90_shift_ops_shr_shl_sshl_sshr for cells of type $shl.
Analyzing pattern of constant bits for this cell:
  Constant input on bit 0 of port B: 1'0
  Constant input on bit 1 of port B: 1'0
  Constant input on bit 2 of port B: 1'0
  Constant input on bit 3 of port B: 1'0
  Constant input on bit 4 of port B: 1'0
  Constant input on bit 5 of port B: 1'1
  Constant input on bit 6 of port B: 1'1
  Constant input on bit 7 of port B: 1'0
  Constant input on bit 8 of port B: 1'0
  Constant input on bit 9 of port B: 1'0
  Constant input on bit 10 of port B: 1'0
  Constant input on bit 11 of port B: 1'0
  Constant input on bit 12 of port B: 1'0
  Constant input on bit 13 of port B: 1'0
  Constant input on bit 14 of port B: 1'0
  Constant input on bit 15 of port B: 1'0
  Constant input on bit 16 of port B: 1'0
  Constant input on bit 17 of port B: 1'0
  Constant input on bit 18 of port B: 1'0
  Constant input on bit 19 of port B: 1'0
  Constant input on bit 20 of port B: 1'0
  Constant input on bit 21 of port B: 1'0
  Constant input on bit 22 of port B: 1'0
  Constant input on bit 23 of port B: 1'0
  Constant input on bit 24 of port B: 1'0
  Constant input on bit 25 of port B: 1'0
  Constant input on bit 26 of port B: 1'0
  Constant input on bit 27 of port B: 1'0
  Constant input on bit 28 of port B: 1'0
  Constant input on bit 29 of port B: 1'0
  Constant input on bit 30 of port B: 1'0
  Constant input on bit 31 of port B: 1'0
Creating constmapped module `$paramod$constmap:022f7ab9cc74ec6a452c4e10e002f80d08ae170f$paramod$080135d2fae3865d13ade9db3a64b283fa3a2b38\_90_shift_ops_shr_shl_sshl_sshr'.

8.12. Executing OPT_MUXTREE pass (detect dead branches in mux trees).
Running muxtree optimizer on module $paramod$constmap:022f7ab9cc74ec6a452c4e10e002f80d08ae170f$paramod$080135d2fae3865d13ade9db3a64b283fa3a2b38\_90_shift_ops_shr_shl_sshl_sshr..
  Creating internal representation of mux trees.
  No muxes found in this module.
Removed 0 multiplexer ports.
<suppressed ~2 debug messages>

8.13. Executing OPT_EXPR pass (perform const folding).
Optimizing module $paramod$constmap:022f7ab9cc74ec6a452c4e10e002f80d08ae170f$paramod$080135d2fae3865d13ade9db3a64b283fa3a2b38\_90_shift_ops_shr_shl_sshl_sshr.
<suppressed ~2200 debug messages>
Removed 0 unused cells and 27 unused wires.
Using template $paramod$constmap:022f7ab9cc74ec6a452c4e10e002f80d08ae170f$paramod$080135d2fae3865d13ade9db3a64b283fa3a2b38\_90_shift_ops_shr_shl_sshl_sshr for cells of type $shl.
Running "alumacc" on wrapper $extern:wrap:$add:A_SIGNED=0:A_WIDTH=4:B_SIGNED=0:B_WIDTH=32:Y_WIDTH=32:394426c56d1a028ba8fdd5469b163e04011def47.
Using template $extern:wrap:$add:A_SIGNED=0:A_WIDTH=4:B_SIGNED=0:B_WIDTH=32:Y_WIDTH=32:394426c56d1a028ba8fdd5469b163e04011def47 for cells of type $extern:wrap:$add:A_SIGNED=0:A_WIDTH=4:B_SIGNED=0:B_WIDTH=32:Y_WIDTH=32:394426c56d1a028ba8fdd5469b163e04011def47.
Running "alumacc" on wrapper $extern:wrap:$lt:A_SIGNED=0:A_WIDTH=4:B_SIGNED=0:B_WIDTH=32:Y_WIDTH=1:394426c56d1a028ba8fdd5469b163e04011def47.
Using template $extern:wrap:$lt:A_SIGNED=0:A_WIDTH=4:B_SIGNED=0:B_WIDTH=32:Y_WIDTH=1:394426c56d1a028ba8fdd5469b163e04011def47 for cells of type $extern:wrap:$lt:A_SIGNED=0:A_WIDTH=4:B_SIGNED=0:B_WIDTH=32:Y_WIDTH=1:394426c56d1a028ba8fdd5469b163e04011def47.
Using template $paramod\_90_pmux\WIDTH=1\S_WIDTH=16 for cells of type $pmux.
Using template $paramod\_90_pmux\WIDTH=128\S_WIDTH=16 for cells of type $pmux.
Using template $paramod\_90_pmux\WIDTH=24\S_WIDTH=16 for cells of type $pmux.
Using template $paramod\_90_pmux\WIDTH=32\S_WIDTH=2 for cells of type $pmux.
Using template $paramod\_90_pmux\WIDTH=1\S_WIDTH=2 for cells of type $pmux.
Using template $paramod\_90_pmux\WIDTH=3\S_WIDTH=5 for cells of type $pmux.
Using extmapper simplemap for cells of type $adff.
Using extmapper simplemap for cells of type $dff.
Using template $paramod\_90_alu\A_SIGNED=0\B_SIGNED=0\A_WIDTH=4\B_WIDTH=32\Y_WIDTH=32 for cells of type $alu.
Using extmapper simplemap for cells of type $not.
Using template $paramod\_90_alu\A_SIGNED=0\B_SIGNED=0\A_WIDTH=32\B_WIDTH=32\Y_WIDTH=32 for cells of type $alu.
Using extmapper simplemap for cells of type $and.
Using template $paramod\_90_lcu\WIDTH=32 for cells of type $lcu.
Using extmapper simplemap for cells of type $pos.
No more expansions possible.
<suppressed ~5231 debug messages>

9. Executing OPT_CLEAN pass (remove unused cells and wires).
Finding unused cells or wires in module \Cache..
Removed 1929 unused cells and 5088 unused wires.
<suppressed ~1930 debug messages>

10. Executing FLATTEN pass (flatten design).
No more expansions possible.

11. Executing DFFLIBMAP pass (mapping DFF cells to sequential cells from liberty file).
Warning: Malformed liberty file - cannot find pin 'SESI+!SED' in cell 'SDFFRS_X1' - skipping.
Warning: Malformed liberty file - cannot find pin 'SESI+!SED' in cell 'SDFFRS_X2' - skipping.
Warning: Malformed liberty file - cannot find pin 'SESI+!SED' in cell 'SDFFR_X1' - skipping.
Warning: Malformed liberty file - cannot find pin 'SESI+!SED' in cell 'SDFFR_X2' - skipping.
Warning: Malformed liberty file - cannot find pin 'SESI+!SED' in cell 'SDFFS_X1' - skipping.
Warning: Malformed liberty file - cannot find pin 'SESI+!SED' in cell 'SDFFS_X2' - skipping.
Warning: Malformed liberty file - cannot find pin 'SESI+!SED' in cell 'SDFF_X1' - skipping.
Warning: Malformed liberty file - cannot find pin 'SESI+!SED' in cell 'SDFF_X2' - skipping.
  cell DFF_X1 (noninv, pins=4, area=4.52) is a direct match for cell type $_DFF_P_.
Warning: Malformed liberty file - cannot find pin 'SESI+!SED' in cell 'SDFFRS_X1' - skipping.
Warning: Malformed liberty file - cannot find pin 'SESI+!SED' in cell 'SDFFRS_X2' - skipping.
Warning: Malformed liberty file - cannot find pin 'SESI+!SED' in cell 'SDFFR_X1' - skipping.
Warning: Malformed liberty file - cannot find pin 'SESI+!SED' in cell 'SDFFR_X2' - skipping.
Warning: Malformed liberty file - cannot find pin 'SESI+!SED' in cell 'SDFFS_X1' - skipping.
Warning: Malformed liberty file - cannot find pin 'SESI+!SED' in cell 'SDFFS_X2' - skipping.
Warning: Malformed liberty file - cannot find pin 'SESI+!SED' in cell 'SDFF_X1' - skipping.
Warning: Malformed liberty file - cannot find pin 'SESI+!SED' in cell 'SDFF_X2' - skipping.
  cell DFFR_X1 (noninv, pins=5, area=5.32) is a direct match for cell type $_DFF_PN0_.
Warning: Malformed liberty file - cannot find pin 'SESI+!SED' in cell 'SDFFRS_X1' - skipping.
Warning: Malformed liberty file - cannot find pin 'SESI+!SED' in cell 'SDFFRS_X2' - skipping.
Warning: Malformed liberty file - cannot find pin 'SESI+!SED' in cell 'SDFFR_X1' - skipping.
Warning: Malformed liberty file - cannot find pin 'SESI+!SED' in cell 'SDFFR_X2' - skipping.
Warning: Malformed liberty file - cannot find pin 'SESI+!SED' in cell 'SDFFS_X1' - skipping.
Warning: Malformed liberty file - cannot find pin 'SESI+!SED' in cell 'SDFFS_X2' - skipping.
Warning: Malformed liberty file - cannot find pin 'SESI+!SED' in cell 'SDFF_X1' - skipping.
Warning: Malformed liberty file - cannot find pin 'SESI+!SED' in cell 'SDFF_X2' - skipping.
  cell DFFS_X1 (noninv, pins=5, area=5.32) is a direct match for cell type $_DFF_PN1_.
Warning: Malformed liberty file - cannot find pin 'SESI+!SED' in cell 'SDFFRS_X1' - skipping.
Warning: Malformed liberty file - cannot find pin 'SESI+!SED' in cell 'SDFFRS_X2' - skipping.
Warning: Malformed liberty file - cannot find pin 'SESI+!SED' in cell 'SDFFR_X1' - skipping.
Warning: Malformed liberty file - cannot find pin 'SESI+!SED' in cell 'SDFFR_X2' - skipping.
Warning: Malformed liberty file - cannot find pin 'SESI+!SED' in cell 'SDFFS_X1' - skipping.
Warning: Malformed liberty file - cannot find pin 'SESI+!SED' in cell 'SDFFS_X2' - skipping.
Warning: Malformed liberty file - cannot find pin 'SESI+!SED' in cell 'SDFF_X1' - skipping.
Warning: Malformed liberty file - cannot find pin 'SESI+!SED' in cell 'SDFF_X2' - skipping.
Warning: Malformed liberty file - cannot find pin 'SESI+!SED' in cell 'SDFFRS_X1' - skipping.
Warning: Malformed liberty file - cannot find pin 'SESI+!SED' in cell 'SDFFRS_X2' - skipping.
Warning: Malformed liberty file - cannot find pin 'SESI+!SED' in cell 'SDFFR_X1' - skipping.
Warning: Malformed liberty file - cannot find pin 'SESI+!SED' in cell 'SDFFR_X2' - skipping.
Warning: Malformed liberty file - cannot find pin 'SESI+!SED' in cell 'SDFFS_X1' - skipping.
Warning: Malformed liberty file - cannot find pin 'SESI+!SED' in cell 'SDFFS_X2' - skipping.
Warning: Malformed liberty file - cannot find pin 'SESI+!SED' in cell 'SDFF_X1' - skipping.
Warning: Malformed liberty file - cannot find pin 'SESI+!SED' in cell 'SDFF_X2' - skipping.
Warning: Malformed liberty file - cannot find pin 'SESI+!SED' in cell 'SDFFRS_X1' - skipping.
Warning: Malformed liberty file - cannot find pin 'SESI+!SED' in cell 'SDFFRS_X2' - skipping.
Warning: Malformed liberty file - cannot find pin 'SESI+!SED' in cell 'SDFFR_X1' - skipping.
Warning: Malformed liberty file - cannot find pin 'SESI+!SED' in cell 'SDFFR_X2' - skipping.
Warning: Malformed liberty file - cannot find pin 'SESI+!SED' in cell 'SDFFS_X1' - skipping.
Warning: Malformed liberty file - cannot find pin 'SESI+!SED' in cell 'SDFFS_X2' - skipping.
Warning: Malformed liberty file - cannot find pin 'SESI+!SED' in cell 'SDFF_X1' - skipping.
Warning: Malformed liberty file - cannot find pin 'SESI+!SED' in cell 'SDFF_X2' - skipping.
  cell DFFRS_X1 (noninv, pins=6, area=6.38) is a direct match for cell type $_DFFSR_PNN_.
Warning: Malformed liberty file - cannot find pin 'SESI+!SED' in cell 'SDFFRS_X1' - skipping.
Warning: Malformed liberty file - cannot find pin 'SESI+!SED' in cell 'SDFFRS_X2' - skipping.
Warning: Malformed liberty file - cannot find pin 'SESI+!SED' in cell 'SDFFR_X1' - skipping.
Warning: Malformed liberty file - cannot find pin 'SESI+!SED' in cell 'SDFFR_X2' - skipping.
Warning: Malformed liberty file - cannot find pin 'SESI+!SED' in cell 'SDFFS_X1' - skipping.
Warning: Malformed liberty file - cannot find pin 'SESI+!SED' in cell 'SDFFS_X2' - skipping.
Warning: Malformed liberty file - cannot find pin 'SESI+!SED' in cell 'SDFF_X1' - skipping.
Warning: Malformed liberty file - cannot find pin 'SESI+!SED' in cell 'SDFF_X2' - skipping.
Warning: Malformed liberty file - cannot find pin 'SESI+!SED' in cell 'SDFFRS_X1' - skipping.
Warning: Malformed liberty file - cannot find pin 'SESI+!SED' in cell 'SDFFRS_X2' - skipping.
Warning: Malformed liberty file - cannot find pin 'SESI+!SED' in cell 'SDFFR_X1' - skipping.
Warning: Malformed liberty file - cannot find pin 'SESI+!SED' in cell 'SDFFR_X2' - skipping.
Warning: Malformed liberty file - cannot find pin 'SESI+!SED' in cell 'SDFFS_X1' - skipping.
Warning: Malformed liberty file - cannot find pin 'SESI+!SED' in cell 'SDFFS_X2' - skipping.
Warning: Malformed liberty file - cannot find pin 'SESI+!SED' in cell 'SDFF_X1' - skipping.
Warning: Malformed liberty file - cannot find pin 'SESI+!SED' in cell 'SDFF_X2' - skipping.
Warning: Malformed liberty file - cannot find pin 'SESI+!SED' in cell 'SDFFRS_X1' - skipping.
Warning: Malformed liberty file - cannot find pin 'SESI+!SED' in cell 'SDFFRS_X2' - skipping.
Warning: Malformed liberty file - cannot find pin 'SESI+!SED' in cell 'SDFFR_X1' - skipping.
Warning: Malformed liberty file - cannot find pin 'SESI+!SED' in cell 'SDFFR_X2' - skipping.
Warning: Malformed liberty file - cannot find pin 'SESI+!SED' in cell 'SDFFS_X1' - skipping.
Warning: Malformed liberty file - cannot find pin 'SESI+!SED' in cell 'SDFFS_X2' - skipping.
Warning: Malformed liberty file - cannot find pin 'SESI+!SED' in cell 'SDFF_X1' - skipping.
Warning: Malformed liberty file - cannot find pin 'SESI+!SED' in cell 'SDFF_X2' - skipping.
  create mapping for $_DFF_PP0_ from mapping for $_DFF_PN0_.
  create mapping for $_DFF_PP1_ from mapping for $_DFF_PN1_.
  create mapping for $_DFFSR_PPN_ from mapping for $_DFFSR_PNN_.
  create mapping for $_DFFSR_PNP_ from mapping for $_DFFSR_PNN_.
  create mapping for $_DFFSR_PPP_ from mapping for $_DFFSR_PNP_.
  create mapping for $_DFF_N_ from mapping for $_DFF_P_.
  create mapping for $_DFF_NN0_ from mapping for $_DFF_PN0_.
  create mapping for $_DFF_NP0_ from mapping for $_DFF_NN0_.
  create mapping for $_DFF_NN1_ from mapping for $_DFF_NN0_.
  create mapping for $_DFF_NP1_ from mapping for $_DFF_NN1_.
  create mapping for $_DFFSR_NNN_ from mapping for $_DFFSR_PNN_.
  create mapping for $_DFFSR_NPN_ from mapping for $_DFFSR_NNN_.
  create mapping for $_DFFSR_NNP_ from mapping for $_DFFSR_NNN_.
  create mapping for $_DFFSR_NPP_ from mapping for $_DFFSR_NNP_.
  final dff cell mappings:
    DFF_X1 _DFF_N_ (.CK(~C), .D( D), .Q( Q), .QN(~Q));
    DFF_X1 _DFF_P_ (.CK( C), .D( D), .Q( Q), .QN(~Q));
    DFFR_X1 _DFF_NN0_ (.CK(~C), .D( D), .Q( Q), .QN(~Q), .RN( R));
    DFFR_X1 _DFF_NN1_ (.CK(~C), .D(~D), .Q(~Q), .QN( Q), .RN( R));
    DFFR_X1 _DFF_NP0_ (.CK(~C), .D( D), .Q( Q), .QN(~Q), .RN(~R));
    DFFR_X1 _DFF_NP1_ (.CK(~C), .D(~D), .Q(~Q), .QN( Q), .RN(~R));
    DFFR_X1 _DFF_PN0_ (.CK( C), .D( D), .Q( Q), .QN(~Q), .RN( R));
    DFFS_X1 _DFF_PN1_ (.CK( C), .D( D), .Q( Q), .QN(~Q), .SN( R));
    DFFR_X1 _DFF_PP0_ (.CK( C), .D( D), .Q( Q), .QN(~Q), .RN(~R));
    DFFS_X1 _DFF_PP1_ (.CK( C), .D( D), .Q( Q), .QN(~Q), .SN(~R));
    DFFRS_X1 _DFFSR_NNN_ (.CK(~C), .D( D), .Q( Q), .QN(~Q), .RN( R), .SN( S));
    DFFRS_X1 _DFFSR_NNP_ (.CK(~C), .D( D), .Q( Q), .QN(~Q), .RN(~R), .SN( S));
    DFFRS_X1 _DFFSR_NPN_ (.CK(~C), .D( D), .Q( Q), .QN(~Q), .RN( R), .SN(~S));
    DFFRS_X1 _DFFSR_NPP_ (.CK(~C), .D( D), .Q( Q), .QN(~Q), .RN(~R), .SN(~S));
    DFFRS_X1 _DFFSR_PNN_ (.CK( C), .D( D), .Q( Q), .QN(~Q), .RN( R), .SN( S));
    DFFRS_X1 _DFFSR_PNP_ (.CK( C), .D( D), .Q( Q), .QN(~Q), .RN(~R), .SN( S));
    DFFRS_X1 _DFFSR_PPN_ (.CK( C), .D( D), .Q( Q), .QN(~Q), .RN( R), .SN(~S));
    DFFRS_X1 _DFFSR_PPP_ (.CK( C), .D( D), .Q( Q), .QN(~Q), .RN(~R), .SN(~S));
Mapping DFF cells in module `\Cache':
  mapped 89 $_DFF_PN0_ cells to \DFFR_X1 cells.
  mapped 4864 $_DFF_P_ cells to \DFF_X1 cells.

12. Executing ABC pass (technology mapping using ABC).

12.1. Extracting gate netlist of module `\Cache' to `<abc-temp-dir>/input.blif'..
Extracted 75939 gates and 81122 wires to a netlist network with 5180 inputs and 5149 outputs.

12.1.1. Executing ABC.
Running ABC command: berkeley-abc -s -f <abc-temp-dir>/abc.script 2>&1
ABC: ABC command line: "source <abc-temp-dir>/abc.script".
ABC: 
ABC: + read_blif <abc-temp-dir>/input.blif 
ABC: + read_lib -w /mnt/c/Users/ggg94/01-課程/00-本學期課程/31-Computer Architecture 計算機結構/03-hw/Verilog-Lab3/nangate/NanGate45/lib/NangateOpenCellLibrary_typical.lib 
ABC: usage: read_lib [-SG float] [-M num] [-dnuvwh] <file>
ABC: 	           reads Liberty library from file
ABC: 	-S float : the slew parameter used to generate the library [default = 0.00]
ABC: 	-G float : the gain parameter used to generate the library [default = 0.00]
ABC: 	-M num   : skip gate classes whose size is less than this [default = 0]
ABC: 	-d       : toggle dumping the parsed library into file "*_temp.lib" [default = no]
ABC: 	-n       : toggle replacing gate/pin names by short strings [default = no]
ABC: 	-u       : toggle setting unit area for all cells [default = no]
ABC: 	-v       : toggle writing verbose information [default = yes]
ABC: 	-w       : toggle writing information about skipped gates [default = yes]
ABC: 	-h       : prints the command summary
ABC: 	<file>   : the name of a file to read
ABC: ** cmd error: aborting 'source <abc-temp-dir>/abc.script'
ERROR: Can't open ABC output file `/tmp/yosys-abc-uyvayl/output.blif'.
